event_id,customer_id,page,timestamp,action
E00001,C0813,Cart,2025-10-14 01:54:35,view
E00002,C0863,Home,2025-02-11 21:31:03,add_to_cart
E00003,C0257,Home,2025-07-20 06:58:31,add_to_cart
E00004,C0220,Product,2024-11-26 22:26:56,click
E00005,C0746,Product,,click
E00006,C0450,Checkout,2025-01-12 10:03:13,click
E00007,C0501,,2024-12-24 04:25:37,
,C0553,Product,2025-01-17 08:40:14,view
E00009,C0029,Checkout,2025-06-22 13:53:00,add_to_cart
E00010,C0029,Cart,2025-10-08 21:55:35,purchase
E00011,C0520,Cart,2025-07-18 04:52:56,view
E00012,C0162,Home,2025-01-28 23:34:03,purchase
E00013,C0314,Product,2025-01-13 17:43:43,click
E00014,C0520,Search,2025-07-02 01:14:25,purchase
E00015,C0256,Home,2025-07-04 13:44:26,click
E00016,C0833,Cart,2024-12-21 08:18:39,add_to_cart
E00017,C0225,Home,2025-04-20 21:36:16,click
E00018,,Product,,view
E00019,C0528,Home,2024-12-25 10:40:57,view
,C0240,Product,2025-05-20 10:48:05,view
E00021,C0906,Search,2025-06-19 00:37:28,add_to_cart
E00022,C0282,Search,2025-06-14 15:07:35,purchase
E00023,C0870,Checkout,2025-10-11 15:53:13,click
E00024,C0682,Product,2025-07-17 21:32:33,click
E00025,C0867,Product,2025-02-08 02:03:44,add_to_cart
E00026,C0796,Product,2024-12-01 14:03:29,add_to_cart
E00027,,Home,,click
E00028,C0210,Product,2025-10-07 20:12:21,click
E00029,C0472,Checkout,2025-07-14 23:57:28,
E00030,C0010,Home,2025-11-03 14:13:15,click
,C0656,Home,2025-09-12 09:08:37,add_to_cart
E00032,C0010,Search,2025-11-06 18:20:10,click
E00033,C0265,Home,2025-08-07 16:23:15,
E00034,C0551,Search,2024-11-20 05:11:51,add_to_cart
E00035,C0350,Checkout,2025-04-18 21:46:58,view
E00036,C0979,Product,2025-07-01 00:22:43,add_to_cart
E00037,C0499,Checkout,2025-10-31 02:03:18,
E00038,C0191,Search,,purchase
E00039,C0398,Product,2025-07-14 01:00:27,
,C0748,Cart,2025-04-05 01:51:24,click
,C0916,Home,2025-04-13 15:08:51,add_to_cart
E00042,C0716,Search,2025-08-12 18:28:21,purchase
E00043,C0093,Product,2025-03-09 06:37:57,purchase
E00044,C0909,Cart,2025-07-09 08:34:20,view
E00045,C0836,Product,2025-07-14 01:59:57,view
E00046,C0020,Checkout,2025-06-29 22:08:02,click
E00047,C0280,Home,2025-03-11 09:01:08,add_to_cart
E00048,C0730,Home,2025-07-28 09:03:21,purchase
E00049,C0043,,2025-05-25 20:30:11,purchase
E00050,C0929,Product,2025-04-28 09:49:41,click
E00051,C0984,Product,2025-07-07 16:29:04,view
E00052,C0683,Checkout,2025-11-14 02:26:31,click
E00053,C0444,Product,2024-12-30 16:18:20,view
E00054,C0149,Search,2025-01-11 05:13:55,purchase
E00055,C0154,Search,2025-08-19 12:40:49,click
E00056,C0278,Search,2025-07-30 00:11:47,add_to_cart
E00057,C0689,Checkout,2025-09-04 14:12:20,purchase
E00058,C0626,Cart,2025-01-31 16:06:21,click
E00059,C0430,,2025-06-29 14:01:28,click
E00060,C0578,Search,2025-08-03 22:28:46,purchase
E00061,C0875,Home,2025-01-30 16:02:50,add_to_cart
E00062,C0581,Search,2025-01-06 19:35:56,click
E00063,C0810,Checkout,2024-12-04 00:20:41,view
E00064,C0423,Home,2025-03-12 10:46:32,add_to_cart
E00065,C0765,Product,2025-05-01 16:45:58,add_to_cart
E00066,C0425,Search,2025-09-11 00:08:23,click
E00067,C0884,Home,2025-07-27 13:14:28,purchase
E00068,C0672,Cart,2025-07-07 07:30:00,purchase
E00069,C0735,,2025-02-19 22:46:30,add_to_cart
E00070,,Product,2024-11-26 21:31:45,view
E00071,C0192,Product,2025-03-09 09:50:07,purchase
E00072,C0915,Search,2025-08-15 16:16:24,add_to_cart
E00073,C0378,Home,2025-04-10 01:25:42,add_to_cart
E00074,C0310,Cart,2025-09-14 03:59:13,add_to_cart
E00075,C0606,Checkout,2025-07-17 17:38:05,click
E00076,C0220,Cart,2025-10-30 00:29:53,add_to_cart
E00077,C0891,Checkout,2025-11-15 08:46:09,click
E00078,C0108,Checkout,2025-08-22 13:09:43,purchase
E00079,C0462,Product,2025-06-09 05:21:30,
E00080,C0376,Checkout,2025-11-08 21:11:32,click
E00081,C0845,Checkout,,purchase
E00082,C0525,Home,2025-06-02 00:29:58,add_to_cart
E00083,C0643,Search,2025-06-30 15:52:14,add_to_cart
E00084,C0667,Cart,2024-11-20 12:28:47,
E00085,C0855,Search,2025-04-20 12:40:41,add_to_cart
E00086,C0462,Cart,2025-03-04 18:03:26,add_to_cart
E00087,C0275,,2025-06-28 11:31:12,click
E00088,C0741,Cart,2025-01-26 05:17:33,add_to_cart
E00089,C0156,Home,2025-06-27 09:34:04,purchase
E00090,C0468,Cart,2024-11-21 17:40:38,view
E00091,C0207,Product,2025-02-26 10:40:12,view
E00092,C0079,Checkout,,purchase
E00093,C0237,Search,2025-06-20 00:41:54,purchase
E00094,C0908,Product,2025-06-16 14:01:56,view
E00095,C0428,Product,2025-07-17 16:14:10,click
E00096,C0136,Product,2025-02-14 12:18:58,view
E00097,C0187,Search,2025-09-17 00:07:29,
E00098,,Product,2024-12-05 07:56:39,purchase
E00099,C0266,Checkout,2024-12-16 11:04:25,purchase
E00100,C0658,Product,2025-09-04 16:29:36,click
E00101,C0427,Cart,2025-03-25 19:35:21,purchase
E00102,C0522,Cart,2025-04-14 04:20:06,view
E00103,C0467,Search,2025-01-20 23:05:09,click
E00104,C0604,Cart,2025-08-28 22:57:53,add_to_cart
E00105,C0285,Home,2025-03-26 22:16:34,purchase
E00106,C0657,Product,2025-09-19 17:12:48,purchase
E00107,C0730,Product,2025-02-06 23:18:33,click
E00108,C0409,Product,2025-08-13 21:34:11,view
E00109,C0003,Checkout,2025-08-24 14:02:05,click
E00110,C0330,Product,2024-12-05 19:03:10,
E00111,C0918,Search,2024-12-16 01:50:24,add_to_cart
E00112,C0894,Home,2025-07-20 20:41:30,add_to_cart
E00113,C0645,Cart,2024-11-18 17:09:37,add_to_cart
,C0210,Search,2025-02-26 11:48:07,purchase
E00115,C0493,Search,2025-02-18 12:34:34,
E00116,C0229,Home,2025-08-27 05:54:13,view
E00117,C0948,Checkout,,view
E00118,C0665,Product,,add_to_cart
E00119,C0649,Search,2025-05-05 15:46:58,purchase
E00120,C0733,Home,2024-12-16 06:33:22,purchase
E00121,C0450,Search,2025-05-14 15:07:43,
E00122,C0645,Cart,2025-07-24 03:29:32,click
E00123,C0383,Product,2025-05-07 21:55:47,add_to_cart
E00124,C0218,Product,2025-03-25 11:42:34,add_to_cart
E00125,C0778,Search,2024-11-24 00:01:35,add_to_cart
E00126,C0262,Cart,2025-09-25 07:11:56,view
E00127,C0702,Checkout,2025-10-11 17:04:04,view
E00128,C0288,Checkout,2025-09-13 02:42:48,add_to_cart
E00129,C0138,Search,2025-05-05 04:21:19,
E00130,C0741,Search,2025-05-29 15:33:32,add_to_cart
E00131,C0246,Home,2025-05-02 13:06:59,purchase
E00132,C0574,Product,2025-09-16 22:29:41,view
E00133,,Product,2024-12-01 19:49:31,view
E00134,C0652,Product,2025-05-14 17:24:28,purchase
E00135,C0402,Search,,click
E00136,C0738,Search,2025-03-07 06:26:49,add_to_cart
E00137,C0064,Cart,2025-08-05 00:38:41,click
E00138,C0376,Checkout,2025-08-21 19:02:32,add_to_cart
E00139,C0521,Checkout,2024-11-22 02:55:10,view
E00140,C0452,Checkout,2025-04-02 17:45:54,view
E00141,C0993,Checkout,2025-03-08 12:26:23,add_to_cart
E00142,C0767,Cart,2025-08-24 11:30:24,view
E00143,C0609,Cart,2025-07-14 20:14:33,click
E00144,C0923,Cart,2025-01-03 18:10:23,click
E00145,C0186,Home,,click
E00146,C0438,Cart,2025-02-24 19:19:10,add_to_cart
E00147,C0435,Cart,2025-02-17 23:46:23,view
E00148,C0051,Cart,2025-04-19 03:39:16,purchase
,C0500,Search,2025-08-23 03:42:24,view
E00150,C0465,Product,,add_to_cart
E00151,C0771,Checkout,2025-01-01 05:56:38,purchase
E00152,C0359,Search,2024-12-14 22:42:10,purchase
E00153,C0032,Cart,2025-11-16 03:09:24,add_to_cart
E00154,C0467,,2024-12-06 04:15:31,view
E00155,,Checkout,2025-11-16 13:31:29,purchase
,C0805,Cart,2025-05-16 22:17:49,add_to_cart
E00157,C0806,Home,2025-11-14 21:54:48,click
E00158,C0752,,2025-11-06 05:55:45,click
E00159,C0623,Cart,2025-09-19 06:46:03,click
E00160,C0742,Cart,2025-06-15 08:37:56,add_to_cart
E00161,C0985,Home,2025-03-17 14:07:15,purchase
E00162,C0151,Product,2025-06-19 08:56:28,add_to_cart
E00163,C0604,Product,2025-11-17 20:01:16,add_to_cart
E00164,C0455,Product,2024-12-26 19:58:23,view
E00165,C0971,Checkout,2025-03-21 10:25:36,click
E00166,C0573,Search,2025-07-10 20:34:15,add_to_cart
E00167,C0352,Checkout,2024-12-21 00:47:23,click
E00168,C0861,Cart,2025-07-12 19:16:12,click
E00169,C0156,Home,2025-03-28 02:47:24,add_to_cart
E00170,C0615,Home,2025-06-14 13:23:05,add_to_cart
E00171,C0372,Checkout,,click
E00172,C0064,Cart,2025-10-09 08:45:29,click
E00173,C0299,Product,2025-06-02 06:36:51,
E00174,C0610,Checkout,,purchase
E00175,C0085,Home,2025-08-16 05:03:58,click
E00176,C0529,Cart,2025-10-28 15:40:19,add_to_cart
E00177,C0509,Product,2025-08-31 08:00:16,view
E00178,C0097,Product,2025-11-01 07:16:45,click
E00179,C0038,Checkout,2025-06-08 15:56:49,view
E00180,C0127,Product,2025-09-23 08:46:00,click
E00181,C0907,Home,2025-09-15 15:28:51,purchase
E00182,C0057,Search,2024-12-21 20:13:03,
E00183,C0591,Product,2025-03-14 22:56:53,view
,C0626,Cart,2025-03-30 15:37:12,purchase
E00185,C0910,Product,2025-02-12 19:15:44,view
E00186,C0595,Home,2025-05-02 22:55:30,click
E00187,C0355,Cart,,view
E00188,C0883,Checkout,,click
E00189,C0700,,2025-06-01 00:05:46,click
E00190,C0131,Checkout,2025-09-13 01:37:04,add_to_cart
E00191,C0205,Search,2025-07-19 08:26:47,add_to_cart
E00192,C0633,Cart,2025-10-12 02:11:01,view
E00193,C0984,Cart,2025-03-27 01:16:48,purchase
E00194,C0173,Search,2025-07-14 00:05:06,purchase
E00195,C0568,Home,2025-04-06 18:21:36,add_to_cart
E00196,C0099,Product,2025-05-12 02:48:09,purchase
E00197,C0265,Checkout,2025-04-02 15:08:09,purchase
E00198,C0949,Product,2025-05-02 07:42:24,purchase
E00199,C0195,Search,2025-01-01 17:28:54,view
E00200,C0943,Checkout,2025-10-15 11:54:37,add_to_cart
E00201,C0162,Checkout,2025-02-22 22:38:52,add_to_cart
E00202,C0457,Home,2025-07-18 16:00:45,view
E00203,C0437,Product,2024-11-22 04:02:21,view
E00204,C0380,Checkout,2025-05-29 21:43:47,click
E00205,C0103,Search,2025-03-17 16:53:39,view
E00206,C0287,Checkout,2025-01-12 13:39:55,click
E00207,C0106,Product,2025-11-14 12:42:39,click
E00208,C0154,Home,2024-12-21 14:44:08,add_to_cart
E00209,C0276,Product,2025-10-10 19:01:42,add_to_cart
E00210,C0187,Cart,2025-07-08 04:36:50,add_to_cart
E00211,C0226,Cart,2025-06-23 19:40:47,add_to_cart
E00212,C0472,Cart,2025-08-08 20:00:59,purchase
E00213,C0172,Cart,2025-07-01 11:34:26,purchase
E00214,C0352,Checkout,2025-02-15 22:50:28,view
E00215,C0639,Product,2024-12-01 03:02:41,click
,C0253,Product,2025-06-19 04:36:35,add_to_cart
E00217,C0226,Search,2025-01-27 10:10:58,add_to_cart
E00218,C0301,Checkout,2024-12-20 13:33:37,click
E00219,C0179,Home,2024-12-19 07:48:08,purchase
E00220,C0354,Product,2025-11-13 16:40:30,view
E00221,C0173,Cart,2025-06-28 11:11:12,click
E00222,C0410,Search,2025-10-11 18:52:50,view
,C0828,Product,2025-10-06 13:39:31,view
E00224,C0310,Home,2025-09-23 20:05:32,view
E00225,C0824,Home,2025-04-21 01:41:29,purchase
E00226,C0735,Home,2025-10-20 10:57:33,purchase
E00227,C0678,Home,2025-03-24 13:36:00,
E00228,C0135,Home,2024-12-27 01:48:35,click
E00229,C0851,Search,2025-11-15 06:50:31,click
E00230,C0178,Product,2025-04-27 03:52:52,purchase
E00231,C0562,Product,2025-05-01 09:01:02,view
E00232,C0749,Cart,,add_to_cart
E00233,C0544,Product,2025-07-03 19:01:31,purchase
E00234,C0429,Product,2025-04-14 21:31:31,view
E00235,C0619,Checkout,2025-02-13 20:10:02,purchase
E00236,C0969,Search,2025-10-11 08:40:11,view
E00237,C0356,Cart,2025-01-27 16:28:16,purchase
E00238,C0330,Home,2024-12-10 12:47:57,purchase
,C0307,Home,2025-06-16 06:49:39,click
E00240,C0930,Home,2025-06-06 19:53:34,view
E00241,C0454,Checkout,2025-06-02 06:52:03,view
E00242,C0017,Search,2025-03-30 21:53:58,click
E00243,C0545,Product,2025-11-05 06:26:15,click
E00244,C0961,Search,2025-05-30 00:51:43,add_to_cart
E00245,,Home,2025-04-20 10:55:38,click
E00246,C0534,Checkout,2025-01-05 08:15:28,view
E00247,C0122,Home,,
E00248,C0100,,2025-07-01 04:42:47,
E00249,C0327,Checkout,2025-06-28 09:23:50,click
E00250,,Cart,2025-11-18 01:12:37,click
E00251,C0566,Search,2025-03-17 22:33:23,purchase
E00252,C0595,Home,2025-07-24 22:37:27,click
E00253,C0180,Product,2025-09-29 18:24:07,view
E00254,C0852,Product,2025-11-14 16:19:19,view
E00255,C0777,,2025-08-07 07:59:20,click
E00256,C0645,Product,2025-09-06 11:57:37,view
E00257,C0391,Product,2025-04-12 21:59:57,add_to_cart
E00258,C0782,Home,2025-08-08 20:12:28,click
E00259,C0058,Product,2025-04-22 21:37:14,purchase
E00260,C0214,Product,2025-02-07 14:55:18,click
E00261,C0325,Search,2025-02-11 08:15:43,view
E00262,C0917,Product,2025-02-28 07:39:20,click
E00263,C0019,Search,2025-10-11 11:54:33,click
E00264,C0010,Product,2025-09-04 11:33:37,
E00265,C0505,Search,2024-12-10 06:44:13,click
E00266,C0500,Cart,2025-02-27 23:17:18,purchase
E00267,C0470,Search,2025-04-22 15:20:28,add_to_cart
E00268,C0077,Home,2025-03-06 09:46:19,add_to_cart
E00269,C0161,Checkout,2025-01-06 05:57:42,
E00270,C0380,Product,2025-06-02 21:53:07,add_to_cart
E00271,C0553,Cart,2024-11-28 12:43:22,click
,C0622,Search,2025-02-03 12:59:23,add_to_cart
E00273,C0405,Product,2025-02-13 13:20:24,click
E00274,C0166,Checkout,2025-09-03 13:35:31,purchase
E00275,C0908,Cart,2025-07-16 12:08:23,purchase
E00276,C0178,Checkout,2025-08-21 17:42:53,click
E00277,C0652,Checkout,2025-11-13 01:25:21,add_to_cart
E00278,C0565,Checkout,2025-06-10 06:14:30,
E00279,C0218,Home,2025-08-29 19:02:35,click
E00280,C0406,Cart,2025-06-03 04:47:11,purchase
E00281,C0378,Checkout,2025-10-02 06:37:57,add_to_cart
E00282,C0885,Product,2025-01-05 23:53:10,purchase
E00283,C0846,Home,2025-10-03 06:03:35,add_to_cart
E00284,C0862,Cart,2025-01-30 01:41:41,add_to_cart
E00285,C0393,Product,2025-05-31 04:39:10,click
E00286,C0013,Cart,2025-10-19 00:45:28,click
E00287,C0551,Search,2025-08-04 22:08:29,purchase
E00288,C0580,Product,2025-04-25 13:10:16,click
E00289,C0519,Checkout,2025-05-05 06:07:06,purchase
E00290,C0218,Product,2025-02-03 17:31:04,
E00291,C0918,Product,2025-09-21 12:41:25,add_to_cart
E00292,C0612,,2025-05-26 09:42:56,add_to_cart
E00293,C0789,Search,2025-11-08 16:21:45,add_to_cart
E00294,C0869,Checkout,2025-08-29 15:29:03,add_to_cart
E00295,C0929,Cart,2025-06-23 01:03:23,view
E00296,C0907,Home,2025-07-20 07:34:49,purchase
E00297,C0176,Search,2025-02-13 16:38:39,view
E00298,C0206,Product,2025-10-30 20:35:39,purchase
E00299,C0796,Cart,2025-07-05 10:08:05,purchase
E00300,C0076,Product,2025-07-09 14:59:11,click
E00301,C0336,Checkout,2025-10-02 13:10:28,purchase
E00302,C0121,Search,2025-01-05 00:48:45,
E00303,C0433,Product,2025-02-07 15:21:13,add_to_cart
E00304,C0194,Product,2025-01-17 21:55:56,purchase
E00305,,Home,2024-12-20 19:47:29,click
E00306,C0621,Search,2025-03-08 00:37:45,purchase
E00307,C0775,Product,2025-03-02 18:37:29,click
E00308,C0659,Home,2025-10-10 13:46:13,purchase
E00309,C0277,Product,2024-12-18 07:02:31,view
E00310,C0618,Checkout,2025-09-11 10:24:14,add_to_cart
E00311,C0688,Search,2024-12-22 20:04:48,add_to_cart
E00312,C0105,Checkout,2025-04-29 00:59:49,view
E00313,C0519,Home,2025-04-05 01:45:31,add_to_cart
E00314,C0097,Cart,2025-05-02 03:02:42,purchase
E00315,,Cart,2025-10-29 22:06:27,click
E00316,,Home,2025-06-07 11:27:29,view
E00317,C0631,Checkout,2025-03-19 03:13:09,purchase
E00318,C0753,Product,2025-05-15 18:27:09,purchase
E00319,C0901,Product,2025-01-31 10:11:27,view
E00320,C0808,Cart,2025-02-12 04:40:00,purchase
E00321,C0418,Cart,2025-09-08 09:17:51,click
E00322,C0220,Search,2025-01-08 05:49:21,view
E00323,C0624,Cart,2025-02-02 09:53:18,purchase
E00324,C0016,Search,2025-10-16 19:16:51,click
,C0360,Checkout,2025-04-15 22:10:10,
E00326,C0046,Search,2025-03-20 00:41:10,view
E00327,C0342,Home,,add_to_cart
E00328,C0688,,2025-06-27 06:42:09,click
E00329,C0726,Search,2025-07-06 12:18:38,view
E00330,,Search,2025-05-09 00:43:33,view
E00331,C0998,Home,2025-07-18 22:04:55,click
E00332,C0726,Checkout,2025-01-22 14:56:17,view
E00333,C0193,Checkout,2025-11-16 07:41:14,click
E00334,C0675,,2025-09-03 14:06:36,view
E00335,C0722,Cart,2025-07-01 03:59:57,view
E00336,C0833,Search,2025-05-04 07:07:11,view
E00337,C0795,Checkout,2025-11-11 06:23:21,add_to_cart
E00338,C0091,Search,2025-07-25 18:41:09,click
E00339,C0429,Product,2025-03-25 07:42:41,add_to_cart
E00340,C0213,Checkout,2025-08-09 19:44:03,click
E00341,C0176,Search,,purchase
E00342,C0048,Cart,2025-07-20 16:53:24,add_to_cart
E00343,C0709,,2025-07-11 02:06:49,view
E00344,C0023,Checkout,,add_to_cart
E00345,C0621,Cart,2025-05-19 19:06:15,add_to_cart
E00346,C0542,Cart,2025-11-07 20:50:42,purchase
E00347,C0031,Cart,,view
E00348,C0992,Home,2025-08-22 06:33:44,view
E00349,C0021,Cart,2025-01-31 04:45:08,add_to_cart
E00350,C0906,Product,2025-09-05 09:55:55,add_to_cart
E00351,C0461,Checkout,2025-02-10 01:21:32,view
E00352,C0207,Cart,2025-07-16 03:13:02,purchase
E00353,C0735,Product,2025-04-12 23:56:09,view
E00354,C0512,Checkout,2025-07-10 03:27:04,add_to_cart
E00355,C0081,Checkout,2025-07-17 19:17:00,add_to_cart
E00356,C0716,Search,2025-09-12 18:17:02,add_to_cart
E00357,C0972,Checkout,2025-03-20 08:44:43,click
E00358,C0949,Home,2025-05-25 17:59:43,view
E00359,,Home,2025-10-22 07:21:50,add_to_cart
E00360,C0593,Checkout,2025-06-24 04:57:35,click
E00361,C0180,Cart,2025-07-08 01:14:46,add_to_cart
E00362,C0075,Product,2025-01-29 15:42:08,add_to_cart
E00363,C0188,Search,2025-09-24 06:26:17,view
E00364,C0063,Product,2024-12-29 06:39:17,click
E00365,C0902,Search,2025-01-26 04:49:18,view
E00366,C0768,Search,2025-08-01 02:57:11,click
E00367,C0107,Home,2025-02-28 20:10:52,view
E00368,C0595,Home,2025-04-04 01:08:47,click
E00369,C0576,Cart,2024-12-31 02:11:40,add_to_cart
E00370,C0963,Checkout,2025-09-04 15:51:03,purchase
E00371,C0099,Product,2025-05-07 18:31:31,view
E00372,C0685,Product,2025-07-03 00:21:22,click
E00373,C0376,Home,2025-11-04 19:27:11,add_to_cart
E00374,C0225,Cart,2024-12-24 01:59:18,add_to_cart
E00375,C0977,Product,2025-09-05 11:10:58,purchase
,C0734,Checkout,2025-10-23 16:23:52,add_to_cart
E00377,C0390,Cart,2025-08-30 05:51:51,
E00378,C0817,Product,2025-08-17 14:41:01,purchase
E00379,C0079,Product,2024-12-15 11:12:43,view
E00380,C0665,Checkout,2025-03-18 06:10:07,add_to_cart
E00381,C0104,Cart,2025-01-13 06:59:16,purchase
E00382,C0607,Home,2025-09-18 04:53:00,purchase
E00383,C0895,Checkout,2024-11-30 23:14:40,purchase
E00384,C0663,Product,2025-07-29 07:10:02,add_to_cart
E00385,C0333,Search,2025-11-16 07:23:02,
E00386,C0802,Home,2025-03-24 11:42:43,view
E00387,C0969,Home,,
E00388,C0364,Home,2025-05-17 09:35:20,view
E00389,C0122,Checkout,2025-09-05 01:51:16,view
E00390,C0812,Product,2024-12-09 12:29:33,purchase
E00391,C0245,Checkout,2025-10-29 08:20:32,view
E00392,C0782,Cart,2025-07-18 11:04:32,click
E00393,C0074,Home,2025-01-16 21:48:49,purchase
E00394,C0576,Product,2025-04-29 03:16:29,view
E00395,C0708,,2025-02-25 06:05:21,click
E00396,C0360,Home,2024-12-13 22:11:58,view
E00397,C0741,Search,2025-01-21 18:25:48,view
E00398,C0466,Checkout,2025-08-14 22:06:50,purchase
E00399,C0100,Home,2025-09-02 02:05:27,click
E00400,C0095,Cart,2025-01-21 15:04:55,purchase
E00401,C0183,Home,2025-06-04 09:12:43,view
E00402,C0132,Checkout,2025-08-19 15:46:24,view
E00403,C0843,Home,2025-03-10 19:39:07,
E00404,C0552,Product,,add_to_cart
E00405,C0891,Cart,2025-09-12 23:44:32,purchase
E00406,C0775,Product,2025-11-15 22:10:49,purchase
E00407,C0371,Checkout,2025-06-15 05:46:32,view
,C0459,Checkout,2025-08-21 11:13:43,click
E00409,C0302,Product,2025-07-24 20:52:05,purchase
E00410,C0794,Search,2025-11-06 16:29:18,view
E00411,C0434,Search,2025-10-08 10:27:48,click
E00412,C0609,Product,2025-03-08 20:23:07,click
E00413,C0934,Search,2025-01-21 08:49:36,add_to_cart
E00414,C0182,Checkout,2025-02-08 00:11:47,click
E00415,C0412,Checkout,2025-03-13 05:01:56,click
E00416,C0291,Product,2024-12-08 19:23:40,view
E00417,C0046,,2025-01-03 18:55:42,add_to_cart
E00418,C0013,Checkout,2025-03-22 22:50:51,add_to_cart
E00419,,Cart,2025-07-20 18:10:38,view
E00420,C0572,Search,2025-05-15 13:24:08,purchase
E00421,C0489,Search,2025-03-16 12:10:25,purchase
,C0860,Checkout,2025-03-30 00:54:35,purchase
E00423,C0817,Product,2025-05-29 16:09:32,click
E00424,C0409,Product,2025-02-14 01:12:26,purchase
E00425,C0956,Home,2025-03-03 20:00:43,
E00426,C0108,Cart,2025-06-04 07:12:00,click
E00427,C0550,,2025-08-31 16:49:54,add_to_cart
E00428,C0445,Home,2025-06-18 08:58:05,purchase
E00429,C0869,Product,2025-06-08 00:10:31,add_to_cart
E00430,C0345,Cart,,view
E00431,C0518,Cart,2025-05-21 10:03:22,view
E00432,C0911,Cart,2025-02-26 18:52:05,click
E00433,C0038,Checkout,2025-03-05 15:19:25,purchase
,C0485,Cart,2025-04-16 21:58:39,add_to_cart
E00435,C0029,Home,2025-09-07 22:25:01,purchase
E00436,C0191,,2025-08-25 20:58:42,click
E00437,C0498,Checkout,2025-07-28 12:59:33,add_to_cart
E00438,C0958,Search,2025-02-25 16:02:56,add_to_cart
E00439,C0966,Product,2025-05-01 20:52:40,click
E00440,C0990,Checkout,2025-09-22 20:11:57,purchase
E00441,C0400,Search,2025-04-12 11:29:05,click
E00442,C0837,Product,2025-03-13 17:12:23,click
E00443,C0354,Cart,2025-03-29 05:14:34,click
E00444,C0092,Home,2025-09-16 19:46:05,view
,C0339,Home,2025-03-20 04:50:58,view
E00446,C0541,Home,2025-03-19 06:44:28,click
E00447,C0341,Cart,2025-11-08 15:37:49,purchase
E00448,C0355,Search,2025-06-14 14:29:14,add_to_cart
E00449,C0406,,2025-05-04 09:36:23,add_to_cart
E00450,C0292,Checkout,2025-05-07 14:47:35,click
E00451,C0523,Search,2025-04-08 22:22:47,view
E00452,C0951,Home,2025-08-26 09:43:45,add_to_cart
E00453,C0146,Home,,purchase
E00454,C0900,Product,2025-11-15 02:54:20,purchase
E00455,C0735,Cart,2025-07-26 05:05:49,view
E00456,C0260,Product,2025-05-17 07:34:32,click
E00457,C0769,Cart,2025-06-12 12:07:55,view
E00458,C0905,Search,2025-06-22 11:01:05,add_to_cart
E00459,C0253,Home,2025-01-13 02:40:02,purchase
E00460,C0208,Checkout,2025-04-02 20:04:01,add_to_cart
E00461,C0036,Checkout,2025-01-02 10:29:30,click
E00462,C0849,Cart,2025-03-03 05:32:55,view
E00463,C0104,Checkout,2025-04-03 06:37:01,add_to_cart
,C0301,Cart,2025-10-16 15:14:38,purchase
E00465,C0974,Checkout,2025-07-01 21:38:25,click
E00466,C0256,Product,2025-04-02 01:19:53,view
E00467,C0996,Cart,2024-12-07 22:36:51,view
E00468,C0808,Cart,2025-09-27 21:35:02,click
E00469,C0938,Home,2025-07-18 16:10:53,view
E00470,C0601,Home,2025-09-03 20:16:07,click
E00471,C0165,Cart,2025-10-09 03:06:19,purchase
E00472,C0929,Home,2025-11-10 23:57:19,click
E00473,C0438,Search,2025-02-27 15:20:32,add_to_cart
E00474,C0006,Product,2024-12-19 08:32:35,click
,C0600,Checkout,2025-01-17 12:46:38,purchase
E00476,C0727,Home,2025-06-20 19:58:42,view
E00477,C0073,Cart,2025-10-22 03:34:01,click
E00478,C0923,Product,2025-04-28 03:58:41,purchase
E00479,C0449,Search,2025-08-12 17:59:25,add_to_cart
E00480,C0363,Cart,2024-12-08 06:33:43,add_to_cart
E00481,C0123,Home,2025-10-14 05:40:32,click
E00482,C0086,Checkout,2025-04-24 06:16:13,click
E00483,C0933,Home,2025-02-22 18:11:57,add_to_cart
E00484,C0901,Home,2025-08-28 23:15:10,add_to_cart
E00485,,Home,2025-06-30 06:09:08,view
E00486,C0393,Search,2025-09-13 13:17:07,add_to_cart
E00487,C0203,Checkout,2025-02-03 04:28:45,view
E00488,C0867,Checkout,2025-02-16 00:46:25,purchase
E00489,C0804,Checkout,2025-04-01 20:58:43,click
E00490,C0122,Cart,,add_to_cart
E00491,C0587,Cart,2025-07-15 21:11:26,
E00492,C0766,Home,2025-04-12 16:47:16,purchase
E00493,C0130,Search,2025-11-05 20:14:29,add_to_cart
E00494,C0290,Cart,2025-10-16 01:59:11,purchase
E00495,C0211,Home,2025-07-06 14:07:32,click
E00496,C0613,Product,2025-06-20 16:23:41,view
E00497,C0450,Home,,view
E00498,C0091,,2025-04-29 03:44:44,purchase
E00499,C0172,Search,2025-03-21 23:47:43,add_to_cart
E00500,C0286,Home,2025-09-17 09:03:22,add_to_cart
E00501,C0036,Home,2025-08-12 01:52:50,add_to_cart
E00502,C0744,Search,2024-12-30 23:57:06,add_to_cart
E00503,C0145,Checkout,2024-12-02 06:41:35,click
E00504,C0663,Product,2025-01-30 09:50:03,click
E00505,C0696,Checkout,2025-08-07 10:16:03,click
E00506,C0971,Checkout,2024-12-12 03:57:15,view
E00507,C0083,Cart,2024-11-18 11:30:48,view
,C0988,Checkout,,click
,C0923,Search,2025-05-10 01:59:49,purchase
E00510,C0252,Search,2025-01-22 12:46:40,add_to_cart
E00511,C0686,Checkout,2024-12-07 13:26:25,purchase
E00512,C0503,Home,2024-12-12 15:17:32,purchase
E00513,C0161,Product,2024-12-25 13:32:41,view
E00514,C0672,Search,2025-04-12 09:10:18,purchase
E00515,C0823,Product,2025-11-01 07:56:01,view
E00516,C0881,Product,2025-03-09 15:49:45,click
E00517,C0650,Search,2025-09-17 02:55:05,view
E00518,C0839,Cart,2025-09-29 16:44:48,add_to_cart
E00519,C0905,,2024-12-26 23:09:15,add_to_cart
E00520,C0141,Home,2025-04-28 05:51:06,view
E00521,C0955,Checkout,2025-07-04 04:12:32,
E00522,C0456,Checkout,2025-06-18 04:48:50,purchase
E00523,C0977,Search,2024-12-14 12:13:07,view
E00524,C0627,Checkout,2025-10-16 17:33:40,purchase
E00525,C0226,Checkout,2025-10-19 06:32:03,add_to_cart
E00526,C0465,Search,,add_to_cart
E00527,C0895,Cart,2025-04-26 17:57:15,add_to_cart
E00528,C0354,Product,2025-02-13 06:35:40,purchase
E00529,C0242,Product,2025-01-03 00:39:02,click
E00530,C0941,Home,2024-12-21 23:56:38,view
E00531,C0826,Search,2025-10-23 22:49:58,add_to_cart
E00532,C0357,Search,2024-12-09 08:49:10,add_to_cart
E00533,C0604,Search,2025-08-31 06:04:36,add_to_cart
E00534,C0764,Search,2025-09-12 15:46:55,view
E00535,,Search,2024-12-29 15:04:39,click
,C0770,Product,2025-08-09 13:24:23,
E00537,C0077,Product,2025-06-20 19:40:09,purchase
E00538,C0448,Checkout,2025-07-26 12:43:31,view
E00539,C0801,Product,2025-11-06 05:54:31,purchase
E00540,C0536,Home,2024-12-14 13:43:42,view
E00541,C0806,Product,2025-05-15 20:37:17,view
E00542,C0324,Checkout,2025-11-11 18:59:09,purchase
E00543,C0028,Product,,purchase
E00544,C0320,Search,2025-03-07 09:53:50,add_to_cart
E00545,C0128,Home,2025-07-15 02:25:25,click
E00546,C0707,Search,2025-06-04 06:05:55,click
,C0853,Product,2025-04-01 00:36:03,purchase
E00548,C0039,,2025-07-19 02:13:41,view
,C0105,Search,2024-12-29 10:11:01,purchase
E00550,C0880,Cart,2024-11-23 12:12:55,add_to_cart
E00551,C0434,,2025-11-06 12:51:44,add_to_cart
E00552,C0640,Search,,click
E00553,C0315,Home,2025-04-14 01:30:57,purchase
E00554,C0510,Search,2025-07-28 13:09:33,add_to_cart
E00555,C0633,Product,2025-03-09 21:01:54,view
E00556,C0421,Cart,2025-09-26 09:32:10,purchase
E00557,C0707,Product,,click
E00558,C0263,Product,2025-04-25 22:12:35,purchase
E00559,C0241,Home,2025-06-30 23:28:15,click
,C0991,Checkout,2025-10-31 19:24:52,add_to_cart
E00561,C0237,Cart,2025-08-30 23:24:08,view
E00562,C0496,Checkout,,add_to_cart
E00563,C0382,Search,2025-07-29 08:02:21,click
E00564,C0996,Product,2025-01-23 16:07:53,view
E00565,C0548,Search,2025-03-07 19:15:09,view
E00566,C0316,Checkout,2025-07-16 05:20:28,add_to_cart
E00567,,Search,2025-08-20 01:14:50,add_to_cart
E00568,C0122,Search,2025-01-30 08:50:25,click
E00569,C0077,Home,2025-09-28 18:17:19,click
E00570,C0414,Checkout,2025-03-05 03:04:09,click
E00571,C0053,Search,2025-01-16 09:59:06,add_to_cart
E00572,C0396,Cart,2025-09-02 02:14:34,add_to_cart
E00573,C0642,Product,2025-10-24 23:33:01,click
E00574,C0823,Product,2025-03-23 23:15:34,add_to_cart
E00575,C0690,Search,2025-05-15 19:00:59,click
E00576,C0376,Home,2025-02-10 09:01:20,purchase
E00577,C0696,Checkout,2025-08-03 11:19:51,click
E00578,C0181,Product,2025-08-13 11:28:32,view
E00579,C0638,Product,2025-02-18 22:00:30,purchase
E00580,C0342,Product,2025-02-15 05:13:41,click
E00581,C0204,Product,,click
E00582,C0716,Product,2024-11-24 17:50:53,view
E00583,C0923,Home,2025-03-28 18:41:20,purchase
E00584,C0766,,2025-07-17 18:10:27,purchase
E00585,C0376,Checkout,2025-11-10 19:34:05,view
,C0458,,2025-04-28 04:24:26,view
E00587,C0044,Cart,2025-11-10 12:08:12,
E00588,C0018,,2024-12-22 16:25:20,purchase
E00589,C0045,Home,2025-02-11 10:46:25,view
E00590,C0761,Home,2025-03-26 08:34:28,view
E00591,C0248,Cart,2025-05-28 09:18:28,purchase
E00592,C0801,Product,,view
E00593,C0782,Home,2025-03-06 10:37:23,purchase
E00594,C0658,Product,2025-02-12 12:37:18,click
,C0084,Cart,2025-09-21 18:28:51,view
E00596,C0330,Checkout,2024-12-17 11:09:38,purchase
E00597,C0525,Product,2025-05-24 00:21:57,click
E00598,,Cart,,purchase
E00599,C0152,Product,2025-04-19 00:22:19,view
E00600,C0669,Cart,2025-01-02 18:39:47,add_to_cart
E00601,C0776,Search,2025-10-25 23:26:50,purchase
E00602,C0115,Checkout,2025-10-20 04:52:29,purchase
E00603,C0515,Checkout,,click
E00604,C0410,Search,2025-07-18 00:18:54,click
E00605,C0269,Search,2025-09-04 21:40:51,
E00606,C0604,Home,2025-04-26 09:13:27,add_to_cart
E00607,C0504,Checkout,2024-12-07 21:46:43,view
E00608,C0353,Product,2025-11-06 21:43:37,click
E00609,C0911,Home,2025-06-21 23:18:28,view
E00610,C0402,Home,,
E00611,C0843,Search,2025-09-19 06:38:17,add_to_cart
E00612,C0880,Product,2025-09-14 07:32:55,add_to_cart
E00613,C0283,Cart,2025-07-29 05:09:23,
E00614,C0846,Search,2025-06-06 03:27:33,
E00615,C0511,Cart,2025-08-10 06:22:54,add_to_cart
E00616,C0416,,2025-03-18 12:02:59,view
E00617,,Home,2025-06-02 22:46:42,click
E00618,C0395,Cart,2025-10-11 04:51:41,purchase
E00619,C0587,Product,,view
E00620,C0047,Product,2025-05-20 12:54:01,view
E00621,C0464,Search,2025-04-13 22:41:09,purchase
E00622,C0051,Cart,2025-10-30 23:44:55,purchase
E00623,C0850,Cart,2025-03-21 15:46:57,
E00624,,,2025-03-11 08:19:45,add_to_cart
E00625,C0279,Home,2025-08-03 21:49:57,click
E00626,C0489,Cart,2025-08-18 02:03:26,purchase
E00627,C0175,Search,2025-03-24 01:11:27,
E00628,C0345,Checkout,2025-01-23 16:18:55,add_to_cart
E00629,C0777,Search,2025-03-04 00:27:19,click
E00630,C0962,Search,2025-10-18 04:26:35,add_to_cart
E00631,C0583,Search,2025-03-19 16:59:50,view
E00632,C0326,Search,2025-10-29 14:15:05,view
E00633,C0454,Cart,2025-07-18 09:35:31,click
E00634,C0009,Search,2025-10-24 12:22:59,purchase
E00635,C0710,Search,2025-09-09 11:04:19,click
E00636,C0068,Cart,2025-10-26 19:46:57,purchase
E00637,C0767,Product,2025-09-28 08:38:06,add_to_cart
E00638,C0585,Checkout,2025-10-01 22:32:51,view
E00639,C0320,Home,2025-08-27 07:11:39,add_to_cart
E00640,C0542,Cart,2025-06-01 14:29:38,add_to_cart
E00641,C0801,Cart,2025-09-18 10:28:18,purchase
E00642,C0861,Search,2024-12-06 18:23:16,purchase
E00643,C0130,Home,2025-05-13 09:40:00,purchase
E00644,C0873,Cart,2025-02-05 00:09:45,purchase
E00645,C0118,Checkout,2025-01-18 01:29:58,purchase
E00646,C0440,Cart,2024-12-16 15:58:37,purchase
E00647,C0843,Search,2025-11-02 11:53:54,view
E00648,C0767,Product,2025-05-02 22:01:31,click
E00649,C0055,Search,,view
E00650,C0823,Cart,2024-12-01 18:25:08,add_to_cart
E00651,C0206,Home,2025-09-19 08:01:48,add_to_cart
E00652,C0125,Search,2024-12-08 20:49:34,purchase
E00653,C0191,Cart,2025-09-04 00:44:27,purchase
,C0285,Home,2025-01-05 10:25:06,view
E00655,C0241,Product,2025-11-09 19:55:08,purchase
E00656,C0217,Product,2025-05-25 16:25:46,click
E00657,C0513,Product,2025-08-29 12:28:43,click
E00658,C0674,Home,2025-05-22 04:22:48,purchase
E00659,C0176,,2025-07-27 08:14:59,add_to_cart
E00660,C0986,Home,2025-09-23 10:03:13,add_to_cart
E00661,C0691,Product,2025-10-25 00:38:17,view
E00662,C0695,Cart,2025-01-31 11:27:03,
E00663,C0759,Search,2025-05-18 10:02:33,add_to_cart
E00664,C0903,Cart,2025-02-03 07:10:41,view
E00665,C0720,Home,2025-01-04 09:17:34,click
E00666,C0663,Home,2025-08-14 07:26:45,view
E00667,C0085,Product,2025-02-11 11:43:08,add_to_cart
E00668,C0664,Home,2025-08-18 22:56:23,view
E00669,C0677,Home,2025-02-18 13:42:30,add_to_cart
E00670,C0167,Search,2025-07-08 11:12:41,purchase
,C0691,Product,2025-04-01 05:34:37,add_to_cart
,C0684,Search,2025-08-05 19:59:29,
E00673,C0468,Search,2025-09-10 07:57:54,click
E00674,C0764,Search,2025-03-29 03:48:24,click
E00675,C0749,Cart,2025-08-13 00:03:30,
,C0611,Cart,2024-12-24 11:00:31,click
E00677,C0797,Home,2025-01-03 01:47:43,
E00678,C0934,Product,,view
E00679,C0071,Home,2025-09-28 06:15:49,view
E00680,C0536,Home,2025-01-11 16:44:15,view
E00681,C0265,Home,,view
E00682,C0381,Product,2025-09-23 17:49:46,click
E00683,C0694,Product,2025-08-28 16:15:31,view
E00684,C0100,Checkout,2025-06-10 04:14:41,purchase
E00685,C0623,Home,2025-07-20 12:00:25,
E00686,C0662,Cart,2024-12-13 13:41:16,add_to_cart
E00687,C0721,Search,2024-11-24 00:55:09,view
E00688,,Checkout,2025-08-10 15:10:27,purchase
E00689,C0133,Cart,2025-09-29 13:06:14,purchase
E00690,C0071,Checkout,2025-11-09 16:55:57,purchase
E00691,C0641,Checkout,2025-01-14 22:37:28,view
E00692,C0574,Checkout,2025-01-30 09:00:28,purchase
E00693,C0462,,2025-11-11 14:30:14,purchase
E00694,C0308,Search,2024-11-26 20:22:34,add_to_cart
E00695,C0820,Product,2025-09-09 06:03:53,click
E00696,C0055,Home,2025-06-29 19:57:10,click
E00697,C0665,Product,2025-06-01 22:45:35,click
E00698,C0368,Home,2025-09-17 15:05:46,add_to_cart
E00699,C0853,Home,2025-03-07 03:50:16,add_to_cart
E00700,C0920,Product,2025-11-15 00:03:19,add_to_cart
E00701,C0790,,2025-04-15 03:09:44,view
E00702,C0822,Cart,2025-05-24 22:12:48,purchase
E00703,C0993,Home,2025-09-09 03:53:21,view
E00704,C0598,Search,2025-07-20 15:58:36,click
E00705,C0383,Search,2025-06-23 15:16:36,add_to_cart
E00706,,Cart,2025-04-08 17:04:57,view
E00707,C0730,Product,2025-06-06 05:42:01,
E00708,C0215,Cart,2025-05-06 04:27:37,purchase
,C0764,Cart,2024-11-29 13:32:43,view
E00710,,Home,,click
E00711,C0720,,2025-03-29 11:30:16,click
E00712,C0491,Cart,2025-04-12 19:02:37,
E00713,C0327,Product,2025-07-12 13:40:42,purchase
E00714,C0282,Search,2024-12-19 20:34:30,click
E00715,C0045,Search,2025-04-23 19:19:20,view
E00716,C0084,Home,2025-04-28 13:53:38,add_to_cart
E00717,C0827,Home,2025-08-20 14:51:23,add_to_cart
E00718,C0153,Home,2025-05-16 14:38:06,click
E00719,C0172,Cart,2025-06-11 16:49:56,add_to_cart
E00720,C0937,Product,,view
E00721,C0406,Search,2025-02-26 10:06:57,purchase
E00722,C0980,,2025-04-27 16:18:15,purchase
E00723,C0802,Home,2025-10-03 11:29:52,add_to_cart
E00724,C0376,Product,2025-08-13 17:57:45,
E00725,C0270,Search,2025-06-28 09:19:23,view
E00726,C0759,Product,2025-07-10 17:16:18,view
E00727,C0597,Product,2025-10-23 16:47:56,add_to_cart
E00728,C0864,Cart,2025-02-06 17:13:35,view
E00729,C0246,Home,2025-07-01 18:56:00,add_to_cart
E00730,C0759,Cart,2025-06-15 17:17:46,add_to_cart
E00731,C0144,Cart,2025-02-04 09:07:14,click
E00732,C0536,,2025-09-22 17:02:17,view
E00733,C0045,Search,2025-08-26 11:42:37,purchase
E00734,C0467,Search,2025-01-20 05:52:26,view
E00735,C0922,Search,2025-04-11 13:37:38,add_to_cart
,C0859,Product,2025-02-21 16:08:04,click
E00737,C0457,Checkout,2025-06-03 12:27:36,view
E00738,C0576,Home,2025-04-28 11:10:27,add_to_cart
E00739,C0985,Search,2025-03-28 11:43:14,add_to_cart
E00740,C0479,Product,2025-10-26 04:45:28,view
E00741,C0978,Product,2025-03-03 00:03:37,view
E00742,C0509,Checkout,2025-02-28 12:17:49,add_to_cart
E00743,C0282,Cart,2025-02-13 09:55:06,
E00744,,Checkout,2024-12-30 08:36:01,purchase
E00745,,Home,2025-07-25 06:48:23,purchase
E00746,C0756,Cart,2025-06-10 06:23:19,view
E00747,C0205,Checkout,2025-06-04 17:39:36,view
E00748,,Product,2025-03-23 19:55:29,add_to_cart
E00749,C0981,Product,2025-05-27 01:34:50,click
E00750,C0699,Cart,,view
E00751,C0232,Search,2025-05-03 02:10:42,add_to_cart
E00752,C0226,Cart,2025-04-22 18:09:57,click
E00753,C0378,Cart,2025-05-24 01:36:25,purchase
E00754,C0993,Cart,2025-07-17 21:55:37,view
E00755,,Search,2025-05-07 16:09:40,add_to_cart
E00756,C0465,Product,2024-12-08 23:42:57,add_to_cart
E00757,C0346,Cart,2024-11-29 15:04:55,view
E00758,C0759,Search,2025-02-25 07:15:21,purchase
E00759,C0360,Cart,2024-12-06 05:42:09,purchase
E00760,C0006,,2025-04-04 12:17:08,click
E00761,C0411,Checkout,2025-03-28 04:19:47,click
,C0292,Search,2025-04-22 03:58:49,click
E00763,C0465,Checkout,2025-08-04 23:21:20,purchase
E00764,C0791,Cart,2025-08-30 12:52:37,click
E00765,C0038,Cart,2025-07-21 13:25:17,click
E00766,C0604,Home,2025-08-30 15:08:38,view
E00767,C0066,Search,,
E00768,C0787,Search,2024-12-28 10:12:12,add_to_cart
E00769,C0226,Home,2025-02-25 23:27:03,view
E00770,C0195,Cart,2025-04-07 05:01:31,purchase
E00771,C0908,Home,2025-08-10 23:22:56,add_to_cart
E00772,C0098,Checkout,2025-01-19 18:48:13,purchase
E00773,,Product,2025-08-09 08:18:04,click
E00774,C0544,Product,2025-04-28 03:36:35,add_to_cart
E00775,C0755,Checkout,2025-01-25 08:41:15,click
E00776,C0736,Home,2025-08-07 05:29:41,view
E00777,C0393,Cart,2025-05-15 10:47:46,click
E00778,C0217,Cart,2025-09-04 01:28:42,click
E00779,C0436,Search,2025-04-27 17:21:02,purchase
E00780,C0180,Search,2025-10-15 08:51:17,click
E00781,C0019,Checkout,2025-10-03 11:34:44,view
E00782,C0873,Home,2024-11-22 05:49:09,purchase
E00783,C0839,Search,2024-12-01 22:09:03,view
E00784,C0489,Product,2025-02-04 08:54:47,view
E00785,C0782,Search,2025-07-23 22:17:43,view
E00786,C0513,Product,2025-07-10 09:16:19,view
E00787,C0891,Cart,2025-10-18 00:30:04,view
E00788,C0954,Cart,2025-09-05 19:57:27,purchase
E00789,C0941,Search,2024-12-05 03:43:59,purchase
E00790,C0448,Product,2025-11-06 18:50:22,add_to_cart
E00791,C0882,Cart,2025-05-06 15:11:26,purchase
E00792,C0120,Cart,2025-05-18 02:41:31,purchase
E00793,C0917,,2025-02-11 17:15:50,purchase
E00794,C0311,Product,2025-10-13 01:57:30,add_to_cart
,C0135,Search,2025-06-03 07:46:05,click
E00796,C0920,Product,2025-01-24 10:38:16,
E00797,C0220,Product,2025-04-06 10:53:48,view
E00798,C0415,Search,2025-07-19 12:19:49,
E00799,C0644,Search,2025-03-10 18:30:04,add_to_cart
,C0086,Product,2024-12-26 02:23:55,add_to_cart
E00801,C0252,Cart,2025-07-06 07:57:52,purchase
,C0204,Search,2025-03-12 05:51:26,purchase
E00803,C0493,,2025-06-20 23:06:32,purchase
E00804,C0814,Product,2025-11-14 04:07:18,view
E00805,C0074,Checkout,2025-07-14 02:07:34,click
E00806,C0824,Home,2025-06-08 17:56:41,purchase
E00807,C0700,Cart,2025-05-08 09:11:25,purchase
E00808,C0772,Search,2025-03-15 09:37:50,click
E00809,C0306,Checkout,2025-03-19 13:43:11,add_to_cart
E00810,C0525,Cart,2025-09-05 11:11:42,click
E00811,C0063,Cart,,
E00812,C0481,Search,2025-05-14 12:47:51,add_to_cart
E00813,C0323,Cart,2025-02-24 06:36:57,add_to_cart
E00814,C0278,Cart,2025-07-20 08:34:07,view
E00815,C0931,Checkout,2025-07-10 16:33:37,view
E00816,C0818,Cart,2025-08-21 18:49:30,view
E00817,C0839,Cart,2025-04-07 00:58:52,view
E00818,C0752,Home,2025-10-25 10:16:23,purchase
E00819,C0051,Cart,2025-06-22 10:15:47,add_to_cart
E00820,C0883,Cart,2025-01-19 03:07:03,add_to_cart
E00821,C0378,Home,,view
E00822,C0288,Product,2025-01-03 14:19:37,add_to_cart
E00823,C0503,Home,2025-07-15 20:26:52,click
E00824,C0002,Cart,,click
E00825,C0523,Product,2025-11-05 01:40:04,
E00826,C0832,Product,2025-10-05 08:19:41,purchase
E00827,C0304,Cart,,click
E00828,C0973,Product,2025-01-05 00:52:10,click
E00829,C0880,Product,2025-08-31 03:50:07,add_to_cart
,C0223,Checkout,2025-08-31 13:49:15,view
E00831,C0155,Product,2025-03-23 02:19:17,view
E00832,C0270,Checkout,2025-02-25 17:46:38,purchase
E00833,C0073,Home,2025-10-24 19:09:05,purchase
E00834,C0373,Search,2025-09-27 02:28:00,purchase
E00835,C0998,Product,2024-12-19 12:57:42,add_to_cart
E00836,C0314,Checkout,2025-02-19 00:15:20,click
E00837,C0938,Cart,2025-09-10 08:52:11,purchase
E00838,C0692,Home,2025-11-01 11:03:36,click
E00839,C0048,Search,,view
E00840,C0263,Product,2025-11-11 22:34:46,click
E00841,C0920,Product,2025-09-16 16:33:27,click
E00842,C0666,Product,2025-04-13 04:07:47,click
E00843,C0226,Cart,2025-02-14 01:08:52,purchase
E00844,C0891,Home,2025-03-04 23:05:09,add_to_cart
E00845,C0618,Checkout,2025-02-09 05:32:44,
E00846,C0910,Product,2024-11-28 17:34:02,click
E00847,C0608,Cart,,view
E00848,C0881,Product,2025-02-25 13:28:29,view
E00849,C0115,Cart,2025-08-14 21:43:34,view
E00850,C0352,Product,2025-04-13 13:00:51,view
E00851,C0565,Home,2025-10-08 14:19:33,view
E00852,C0911,Product,,view
E00853,C0882,,2025-06-05 04:59:00,purchase
E00854,C0100,Search,2025-06-01 23:35:51,view
E00855,C0853,Checkout,2025-02-15 11:19:55,purchase
E00856,C0429,Product,2025-03-13 23:46:56,click
E00857,C0215,Checkout,2024-12-10 16:39:17,view
E00858,C0684,Home,2025-03-27 00:45:03,click
E00859,C0985,Cart,2025-03-05 05:24:23,view
E00860,C0404,Home,2025-09-30 22:13:01,purchase
E00861,C0821,Product,2025-02-23 23:09:54,click
E00862,C0102,Home,2025-01-16 17:35:03,click
E00863,C0731,Product,2024-12-24 00:42:27,view
E00864,C0929,Cart,2025-07-16 05:05:43,purchase
E00865,C0275,Checkout,2025-05-04 11:49:12,
E00866,C0576,Cart,2025-05-24 03:09:54,click
E00867,C0160,,2024-11-24 07:18:37,
E00868,C0552,,2025-04-16 16:29:57,add_to_cart
E00869,C0883,Product,2025-05-07 15:40:26,click
E00870,C0021,Search,2025-08-21 12:47:09,purchase
E00871,C0316,Cart,2025-03-25 08:24:28,purchase
E00872,C0782,Search,2025-10-29 02:07:33,purchase
E00873,C0697,Search,2025-11-07 08:17:14,click
E00874,C0892,Search,2024-11-27 17:51:28,click
E00875,C0329,Product,2025-11-18 00:34:20,click
E00876,C0043,,2025-08-11 18:38:33,add_to_cart
E00877,C0147,Home,2025-09-18 05:51:23,add_to_cart
E00878,,Product,2025-07-24 23:14:24,click
E00879,C0177,Home,2025-03-24 10:58:58,purchase
E00880,C0763,Product,2025-03-22 22:06:10,purchase
E00881,C0446,Home,2025-05-22 11:05:13,add_to_cart
E00882,C0649,Product,2024-11-29 00:19:17,purchase
E00883,C0282,Home,,view
E00884,C0534,Checkout,2025-01-10 14:20:30,purchase
E00885,C0349,Search,2024-12-15 01:56:42,click
E00886,C0794,Home,2025-04-01 00:58:46,view
E00887,C0853,Cart,2024-12-06 21:02:50,purchase
E00888,C0632,Cart,2025-06-20 20:31:21,view
E00889,C0103,Home,2025-01-08 05:49:31,purchase
E00890,C0420,Product,2025-11-09 15:40:31,click
E00891,C0419,Cart,2025-06-06 19:40:27,view
E00892,C0990,Product,2025-09-13 21:13:05,add_to_cart
E00893,C0179,Product,2025-07-16 08:47:35,purchase
E00894,C1000,Product,2025-06-18 12:11:30,click
E00895,,Home,2025-05-30 04:56:54,add_to_cart
E00896,C0532,,2025-11-16 01:46:56,purchase
E00897,C0889,Search,,add_to_cart
E00898,C0054,Home,2025-08-09 21:39:51,purchase
E00899,,Home,2025-08-27 03:44:04,purchase
E00900,C0784,Product,2025-11-13 10:14:32,purchase
E00901,C0791,Search,2025-10-01 00:05:21,view
E00902,C0462,Search,2025-10-21 10:13:47,purchase
E00903,C0580,Home,2025-06-17 22:54:58,view
E00904,C0587,Cart,2025-04-18 01:01:44,click
E00905,C0634,Checkout,2024-11-23 22:12:46,purchase
E00906,C0717,,2025-02-08 13:08:08,click
E00907,C0912,Product,2025-05-19 00:25:42,click
,C0661,Home,2025-02-24 13:22:55,view
E00909,C0158,Search,2025-03-25 09:47:30,view
E00910,C0943,Home,2024-12-28 23:47:26,view
E00911,C0746,Home,2025-04-22 05:26:58,add_to_cart
E00912,C0408,Product,2025-09-27 14:44:08,add_to_cart
E00913,C0561,Checkout,2025-11-04 02:35:24,add_to_cart
E00914,C0486,,2025-05-21 20:54:55,purchase
E00915,C0695,Product,2025-08-23 06:31:36,view
E00916,C0472,Home,2025-01-15 21:36:26,view
E00917,C0934,Product,2024-12-18 01:04:22,click
E00918,C0630,Home,2025-03-19 22:45:35,purchase
E00919,C0724,Checkout,2025-08-09 09:59:24,purchase
E00920,C0841,Home,2024-12-20 02:36:08,purchase
E00921,C0931,Product,2025-02-14 04:30:11,click
E00922,C0302,Checkout,2025-07-22 00:22:43,click
E00923,,Home,2025-01-15 22:45:26,purchase
E00924,C0397,Cart,2025-03-31 13:32:08,purchase
,C0801,Product,,purchase
E00926,C0058,Checkout,2025-08-21 21:53:27,purchase
E00927,C0234,Home,2025-03-21 00:05:25,add_to_cart
E00928,C0115,Product,2025-01-11 22:01:10,click
E00929,C0895,Search,2025-05-14 00:55:01,
E00930,,Cart,2025-07-19 04:07:07,click
E00931,C0577,Cart,2024-12-26 17:44:40,add_to_cart
E00932,C0179,Product,2025-06-06 15:29:08,purchase
E00933,C0741,Search,2025-06-08 11:01:32,click
E00934,,Search,2025-04-17 06:20:30,purchase
E00935,C0486,Product,2024-12-06 18:11:49,view
E00936,C0770,Search,2025-05-21 01:24:27,add_to_cart
E00937,C0885,Product,2025-09-05 02:43:00,
,C0095,Search,2025-04-22 08:54:28,click
E00939,C0536,Product,,add_to_cart
E00940,C0182,Checkout,2025-09-21 18:20:58,view
E00941,,Product,2025-04-01 14:21:11,
E00942,C0296,Product,2025-09-29 20:56:13,view
E00943,C0444,Cart,2025-08-07 11:07:03,view
E00944,C0213,Search,2025-08-01 15:21:20,purchase
,C0707,,2025-02-14 10:36:24,add_to_cart
E00946,C0155,Search,2025-09-26 08:21:31,purchase
E00947,C0591,,2025-08-16 00:48:13,view
E00948,C0805,Checkout,2024-12-06 20:19:13,add_to_cart
E00949,C0001,Cart,2025-01-16 15:44:45,view
E00950,C0855,Search,2024-12-02 11:29:57,add_to_cart
E00951,C0524,Home,2025-08-30 22:47:05,click
E00952,C0784,Product,2025-04-27 03:30:17,add_to_cart
,C0374,Product,2025-03-20 07:23:38,purchase
E00954,C0211,Cart,2024-12-06 07:58:05,purchase
E00955,C0228,Checkout,2025-08-27 00:13:36,click
E00956,C0316,Search,2025-09-24 09:53:00,purchase
E00957,C0275,Home,2025-03-12 05:50:30,purchase
E00958,C0664,Product,2024-12-05 03:05:58,view
E00959,C0321,Cart,2024-12-13 18:48:56,add_to_cart
E00960,C0508,Checkout,2025-04-16 00:44:02,add_to_cart
E00961,C0065,Search,2025-11-16 14:20:28,add_to_cart
E00962,C0624,Search,,
E00963,C0789,Cart,2024-11-26 06:21:06,add_to_cart
E00964,C0203,Cart,2025-01-06 07:16:14,add_to_cart
,C0501,Product,2025-01-05 12:18:29,click
E00966,C0444,Cart,2024-12-15 21:54:54,add_to_cart
E00967,C0905,Product,2025-03-15 16:27:45,add_to_cart
E00968,C0754,Checkout,2025-03-20 22:44:01,click
E00969,C0833,Home,2025-11-02 17:07:23,purchase
E00970,C0496,Product,2025-01-19 02:28:11,view
E00971,C0253,Product,2025-02-03 18:22:08,click
E00972,C0418,Checkout,2025-05-07 10:29:21,add_to_cart
E00973,C0955,Checkout,2025-04-14 20:23:31,purchase
,C0410,Checkout,2024-12-06 22:40:12,view
E00975,C0086,Checkout,2025-06-08 19:41:23,click
E00976,C0301,,2025-05-05 02:38:02,purchase
E00977,C0057,Search,2024-11-24 22:08:11,
E00978,C0060,Cart,2025-06-20 20:11:49,purchase
E00979,C0820,Product,2025-11-03 00:22:19,purchase
E00980,C0607,Search,2025-07-22 04:51:27,click
E00981,C0824,Cart,2025-02-10 15:28:37,add_to_cart
E00982,C0038,Search,2025-10-01 03:52:04,add_to_cart
E00983,C1000,Cart,2025-03-01 13:29:45,purchase
E00984,C0770,,2025-06-21 05:54:56,
E00985,C0504,Home,2025-09-03 23:13:25,view
E00986,,Checkout,2025-10-29 06:10:23,view
E00987,C0850,Checkout,2025-04-06 00:17:51,add_to_cart
E00988,C0682,Cart,2024-11-22 00:26:34,add_to_cart
E00989,C0965,,2024-11-19 06:35:27,add_to_cart
,C0547,Home,2025-02-07 01:11:28,view
E00991,C0361,Product,2025-05-30 00:42:08,purchase
E00992,C0098,,2025-03-08 06:30:31,view
E00993,C0141,Cart,2025-05-08 15:09:04,add_to_cart
E00994,C0902,Search,2025-05-22 01:59:24,purchase
E00995,C0874,Checkout,2024-12-22 00:18:15,click
E00996,C0346,Checkout,2025-10-08 00:28:48,add_to_cart
E00997,C0234,Cart,2025-11-16 07:33:26,add_to_cart
E00998,C0543,Search,2025-10-11 18:34:34,click
E00999,C0696,Checkout,2025-10-10 05:37:05,add_to_cart
E01000,C0842,Home,2025-06-14 09:18:35,view
E01001,C0902,Checkout,2025-10-25 11:54:48,purchase
E01002,C0742,Search,2025-02-09 01:39:43,view
E01003,C0190,Cart,2025-03-14 10:38:55,purchase
E01004,C0144,Product,2025-03-25 18:47:55,click
E01005,,Product,,click
E01006,C0019,Search,2025-04-18 03:01:43,add_to_cart
,C0580,Checkout,2025-08-16 17:56:47,click
E01008,C0177,Search,2025-01-18 01:32:30,click
E01009,C0047,Checkout,2025-04-19 11:37:26,purchase
E01010,C0430,Search,,purchase
E01011,C0525,,2024-11-25 06:00:07,click
E01012,C0226,Home,2025-04-13 20:20:36,add_to_cart
E01013,C0745,Search,2025-09-12 05:54:37,click
E01014,C0407,Cart,2025-06-21 14:44:01,click
E01015,C0991,Product,2025-08-21 04:05:22,click
E01016,C0006,Checkout,2025-03-12 02:44:39,purchase
E01017,C0582,Product,2024-12-08 07:51:48,click
,C0544,Cart,2025-11-08 10:35:06,click
E01019,C0907,Checkout,2025-09-29 14:55:47,click
E01020,C0960,Checkout,2025-10-05 09:17:49,purchase
E01021,C0823,Search,2024-12-17 02:04:24,click
E01022,C0045,Search,2025-06-29 22:04:17,view
E01023,C0781,Search,2025-02-15 19:36:35,purchase
,C0062,Checkout,2024-12-10 10:40:22,add_to_cart
E01025,C0404,Product,2025-01-23 13:04:36,add_to_cart
E01026,C0755,Search,2024-12-21 04:56:42,add_to_cart
E01027,C0620,Checkout,2025-06-17 09:26:36,add_to_cart
E01028,C0468,Product,2025-10-19 03:29:37,purchase
E01029,C0816,Cart,2025-01-08 21:20:07,purchase
E01030,C0584,Product,2025-04-12 12:20:49,view
E01031,C0389,,2024-11-26 13:40:26,view
E01032,C0051,Home,2025-01-07 23:24:31,add_to_cart
E01033,C0380,Cart,2025-09-11 21:41:51,view
E01034,C0185,Home,2025-01-21 18:55:31,add_to_cart
E01035,C0230,Cart,2025-09-15 23:04:12,click
E01036,C0281,Product,2025-08-02 05:16:01,add_to_cart
E01037,C0085,Home,2025-07-26 22:34:46,view
E01038,C0449,Search,2025-03-29 10:20:06,purchase
E01039,C0036,Search,2025-02-28 05:18:53,view
E01040,C0897,,2025-05-02 19:24:32,view
E01041,C0793,Cart,2024-11-28 16:39:13,view
E01042,C0099,Home,2025-03-17 02:38:56,purchase
E01043,C0378,Home,2025-08-16 04:25:19,purchase
E01044,C0630,Cart,2025-07-15 10:18:25,purchase
E01045,C0320,Cart,2025-04-04 22:36:42,add_to_cart
E01046,C0431,Product,2025-07-23 05:37:51,view
E01047,,Product,2025-10-14 21:34:48,add_to_cart
E01048,C0145,Search,2025-09-10 11:19:31,purchase
E01049,C0731,Home,2025-05-02 01:57:34,view
E01050,C0533,Home,2024-11-29 10:45:17,add_to_cart
E01051,C0037,Checkout,2025-03-06 21:21:54,view
E01052,C0875,,2025-02-18 05:33:09,click
E01053,C0034,Product,2025-04-13 07:44:56,
E01054,C0447,Home,2025-02-21 20:27:02,click
E01055,C0045,Checkout,2025-04-10 02:59:48,
E01056,C0459,Cart,2025-05-28 20:55:27,add_to_cart
E01057,C0835,Cart,2025-09-25 09:06:28,add_to_cart
E01058,C0850,Checkout,2025-05-04 12:46:08,purchase
E01059,C0042,Checkout,2025-11-12 00:45:39,click
E01060,C0205,Cart,2025-03-03 00:16:23,view
E01061,C0357,Product,2025-06-05 11:18:39,add_to_cart
E01062,C0751,Search,2025-03-30 05:03:24,view
E01063,C0629,Home,2025-09-08 01:47:54,view
E01064,C0024,Checkout,2025-01-23 07:59:22,view
E01065,,Home,2025-11-10 17:12:41,view
E01066,C0532,Home,2025-04-24 07:43:28,click
E01067,C0869,Home,2025-06-04 14:45:51,purchase
E01068,C0115,Cart,2025-03-30 07:46:43,click
E01069,C0281,Search,2025-03-31 05:10:24,add_to_cart
E01070,C0826,Home,2025-04-08 15:51:13,view
E01071,C0340,Search,2025-10-17 00:13:49,purchase
E01072,C0490,Search,2025-10-18 12:26:12,purchase
E01073,C0310,Checkout,2025-02-21 04:55:12,purchase
E01074,C0964,,2025-09-18 06:52:47,purchase
,,Home,2025-04-26 06:14:46,view
E01076,C0750,Cart,2025-02-05 13:51:44,purchase
E01077,C0130,Checkout,,add_to_cart
E01078,C0051,Home,2024-12-26 22:14:21,click
E01079,C0569,Cart,2025-09-16 00:42:02,
,C0935,Search,2025-02-11 14:07:52,add_to_cart
E01081,C0299,Home,,click
E01082,C0842,,2025-09-19 21:37:22,add_to_cart
E01083,C0086,Checkout,2025-02-20 06:46:45,add_to_cart
E01084,C0327,Checkout,2025-04-09 15:43:17,click
E01085,C0988,Home,2025-05-24 19:00:39,purchase
E01086,C0448,Home,2024-12-04 01:38:39,view
E01087,C0129,Checkout,2025-09-06 21:04:13,view
E01088,C0848,Home,2025-10-26 03:51:45,add_to_cart
E01089,C0982,Checkout,,add_to_cart
E01090,C0025,Home,2025-09-09 01:13:10,purchase
E01091,C0397,Checkout,2025-05-17 21:18:40,view
E01092,,Product,2025-06-01 20:08:45,click
E01093,C0067,Home,2025-07-31 17:02:16,click
E01094,C0527,Cart,2025-10-22 13:05:09,add_to_cart
E01095,C0113,Search,2025-08-05 23:11:57,add_to_cart
E01096,C0866,Checkout,2025-05-26 20:05:25,purchase
E01097,C0897,Checkout,2025-08-13 23:29:25,view
E01098,C0179,Home,2025-04-11 23:40:53,add_to_cart
E01099,C0058,Checkout,2025-06-02 04:54:54,click
E01100,C0353,Product,2025-04-26 16:50:32,click
E01101,C0650,Cart,,purchase
E01102,C0742,Product,2025-04-07 05:06:43,add_to_cart
E01103,C0964,Cart,2025-06-29 22:51:26,view
E01104,C0371,Product,2025-05-28 13:16:46,add_to_cart
E01105,C0483,Cart,2025-10-20 15:33:46,purchase
E01106,C0504,Checkout,2025-09-07 12:47:59,click
E01107,C0980,Home,2025-08-07 11:43:46,purchase
E01108,C0626,Product,2025-04-22 18:10:02,purchase
E01109,C0317,Checkout,2025-05-02 11:34:28,purchase
E01110,C0184,Home,2025-02-10 11:32:31,purchase
E01111,C0766,Home,2025-05-04 23:59:21,click
E01112,C0317,Search,2025-02-10 18:25:21,click
E01113,C0332,Home,2025-11-03 20:21:03,view
E01114,C0191,Search,2025-05-10 06:05:32,add_to_cart
E01115,C0723,Home,2025-03-14 17:24:09,click
E01116,C0593,Cart,2025-02-12 16:23:35,view
E01117,C0545,Cart,2025-06-29 10:46:08,add_to_cart
E01118,C0589,Search,2025-06-15 05:10:03,purchase
E01119,C0650,Search,2025-02-25 15:12:47,add_to_cart
E01120,,Product,2025-01-07 15:37:39,add_to_cart
E01121,C0651,Home,2025-11-03 18:17:41,
E01122,C0988,Home,2025-03-14 04:01:08,add_to_cart
E01123,C0071,Product,2025-05-02 09:24:54,view
E01124,C0362,Cart,2025-07-16 17:54:23,add_to_cart
E01125,C0831,Product,2025-05-14 09:12:29,click
E01126,C0761,Home,2025-02-13 23:27:49,purchase
E01127,C0886,Search,2025-04-05 10:48:19,view
E01128,C0234,Checkout,2024-11-28 17:58:00,click
E01129,C0027,Home,2025-05-17 12:37:37,add_to_cart
E01130,C0744,Search,2025-03-18 20:37:25,click
E01131,C0072,Cart,2024-12-29 13:18:22,purchase
E01132,C0988,Home,2025-04-24 08:40:03,
E01133,C0458,Cart,2025-02-10 10:57:09,click
E01134,C0003,Product,2025-06-22 10:23:40,click
E01135,C0114,Search,2025-07-07 02:10:15,click
E01136,C0114,Home,2025-02-03 19:02:30,view
E01137,C0641,Home,2025-09-01 00:03:34,add_to_cart
E01138,C0344,Product,2025-03-19 19:39:34,view
E01139,C0655,Home,2025-07-19 09:04:11,add_to_cart
E01140,C0068,Cart,2024-12-07 16:26:02,view
E01141,C0043,Cart,2025-03-05 08:23:23,click
E01142,C0757,Search,2025-03-01 19:05:10,add_to_cart
E01143,C0488,Home,2025-06-30 08:48:45,view
E01144,C0427,Checkout,2025-06-09 12:07:43,add_to_cart
E01145,C0719,Checkout,2025-07-01 14:13:05,view
E01146,C0286,Home,2025-08-27 22:30:52,view
E01147,C0018,Search,2024-12-04 14:07:39,add_to_cart
E01148,C0457,Checkout,2025-02-25 07:57:05,purchase
E01149,C0834,Checkout,2025-08-11 01:19:29,view
E01150,C0178,Product,2025-02-19 23:48:54,view
E01151,C0795,Home,2025-06-04 06:37:33,click
E01152,C0017,Search,2025-06-13 10:43:45,add_to_cart
E01153,C0924,Search,2025-10-30 15:53:26,purchase
E01154,,Product,2025-10-10 00:19:28,view
E01155,C0574,Cart,2025-05-12 23:06:28,view
E01156,C0254,Home,2025-03-22 14:42:30,view
E01157,C0639,Checkout,2024-11-20 19:01:30,view
E01158,C0680,Search,2025-01-22 02:12:56,purchase
E01159,C0192,Cart,2024-12-20 19:09:59,purchase
E01160,C0138,Checkout,2025-08-24 17:02:37,view
E01161,C0634,Home,2025-04-27 21:01:12,view
E01162,C0951,Search,,click
E01163,,,2025-07-24 16:47:22,add_to_cart
E01164,C0645,Home,2025-11-14 10:34:18,purchase
E01165,C0200,Checkout,2024-11-30 16:21:42,click
E01166,C0981,Home,,add_to_cart
E01167,C0738,Cart,2025-07-20 09:40:49,click
E01168,C0018,Cart,2025-10-11 07:07:09,view
E01169,C0565,Product,2025-03-03 15:19:27,purchase
E01170,C0423,Product,2025-01-14 20:54:22,add_to_cart
E01171,C0096,Checkout,2025-08-30 12:46:11,view
E01172,C0189,Home,2025-07-17 23:16:46,view
E01173,C0589,Search,2025-02-13 10:39:31,view
E01174,,Home,2024-12-17 03:20:59,add_to_cart
E01175,C0689,Product,2025-05-15 02:32:26,view
E01176,C0629,Search,2025-06-21 01:24:33,click
E01177,C0456,Search,2025-01-24 12:08:32,add_to_cart
E01178,C0398,Home,,view
E01179,C0356,Search,2024-11-30 09:28:05,add_to_cart
E01180,C0389,Search,2024-11-28 20:56:08,add_to_cart
E01181,C0056,Search,2024-11-29 14:05:23,purchase
E01182,C0673,Cart,2024-12-06 01:05:27,
E01183,C0672,Search,,view
E01184,C0432,Home,2025-05-27 08:31:00,purchase
E01185,C0463,Product,2024-12-26 01:38:32,add_to_cart
E01186,,Home,2025-03-28 07:23:14,add_to_cart
E01187,C0780,,2025-03-30 08:59:45,view
E01188,C0375,Home,2025-02-16 15:02:43,purchase
E01189,C0880,Cart,2025-05-28 07:17:53,purchase
E01190,C0558,Checkout,2025-03-10 10:34:40,purchase
E01191,C0138,Checkout,2025-03-18 03:05:57,purchase
E01192,C0365,Home,2025-05-17 05:21:16,purchase
E01193,C0410,Cart,2025-02-05 11:02:05,click
,C0903,Home,2025-11-03 17:05:51,purchase
E01195,C0622,Home,2025-09-30 07:45:32,
E01196,C0253,Product,2024-12-25 04:21:06,click
,C0045,Product,2025-09-26 05:40:40,view
E01198,C0274,Checkout,,add_to_cart
E01199,C0743,Checkout,2025-01-10 09:48:14,add_to_cart
E01200,C0703,Search,2025-07-16 03:03:05,purchase
E01201,C0889,,2025-07-29 10:22:48,add_to_cart
E01202,C0965,Cart,2025-11-16 04:08:17,add_to_cart
E01203,C0573,Product,2025-06-12 23:35:04,purchase
E01204,C0157,Home,,add_to_cart
E01205,C0403,Home,2024-11-30 06:37:24,view
E01206,C0012,Search,2025-05-14 08:39:52,purchase
E01207,C0805,Checkout,2025-08-28 02:48:47,purchase
E01208,C0338,,2025-09-22 10:58:25,view
E01209,C0609,Cart,2025-08-16 07:59:54,click
E01210,C0100,Product,2025-02-01 15:52:41,view
E01211,C0743,Checkout,2024-12-15 11:17:32,purchase
,C0325,Cart,2024-12-18 12:07:03,purchase
,C0999,Cart,2025-01-28 06:08:22,add_to_cart
E01214,,Search,,click
E01215,C0291,Cart,2025-08-19 23:26:27,purchase
E01216,C0953,Cart,2025-10-01 09:49:48,purchase
,C0392,Checkout,2024-11-29 05:11:29,purchase
E01218,C0172,Checkout,2025-06-28 11:45:09,view
E01219,C0268,Home,2025-09-22 06:34:49,add_to_cart
E01220,C0020,Cart,2025-05-05 17:53:53,add_to_cart
,C0906,Product,2025-05-18 12:05:17,purchase
E01222,C0152,Search,2024-11-27 16:29:55,add_to_cart
,C0634,Search,2025-08-20 21:02:47,add_to_cart
E01224,C0438,Checkout,2025-11-05 19:37:03,add_to_cart
E01225,C0860,Search,2025-01-06 03:46:11,view
E01226,C0822,Search,2025-02-02 02:37:04,view
E01227,,Product,2025-08-13 06:33:39,purchase
E01228,C0015,Home,2025-06-08 14:09:01,purchase
E01229,C0235,Checkout,2025-07-08 21:20:38,add_to_cart
E01230,C0478,Checkout,2025-05-29 12:04:30,view
E01231,,Product,2025-01-31 19:22:59,view
E01232,C0153,Cart,2025-03-10 19:50:57,click
E01233,C0650,Home,2025-11-16 04:47:58,click
E01234,C0839,Checkout,2025-03-13 02:47:37,add_to_cart
E01235,C0765,Cart,2025-08-15 12:36:00,add_to_cart
E01236,C0750,Cart,2025-07-15 17:57:07,purchase
E01237,C0274,Checkout,2025-03-26 03:40:10,view
E01238,C0103,Home,2025-09-28 18:31:27,view
E01239,C0484,Cart,2025-06-13 16:49:37,click
E01240,C0822,Search,2025-03-20 02:51:23,view
E01241,C0817,Home,2025-05-03 17:38:14,click
,C0950,Home,,view
E01243,C0382,Search,2025-04-29 02:26:48,purchase
E01244,C0395,Checkout,2025-05-06 02:02:04,click
E01245,C0517,Cart,2025-04-15 12:59:20,click
E01246,C0079,Checkout,2025-01-25 10:40:25,click
E01247,,Cart,2025-04-26 07:50:36,purchase
E01248,C0021,Home,2025-04-12 15:36:57,click
,C0969,Search,2025-05-28 06:47:51,purchase
E01250,C0499,Search,2025-06-17 05:47:01,
E01251,C0404,Checkout,2024-12-25 04:40:32,view
E01252,C0673,Checkout,2025-10-31 02:55:06,purchase
E01253,C0949,Home,2025-06-01 17:29:14,view
E01254,C0588,Checkout,2025-01-15 00:30:32,purchase
E01255,C0552,Product,2024-12-21 02:50:21,add_to_cart
E01256,C0770,Cart,2025-04-22 21:46:52,click
E01257,C0449,Search,2025-05-02 10:42:18,purchase
E01258,C0360,Home,2025-09-29 01:44:24,click
E01259,C0743,Search,2025-11-14 21:51:42,click
E01260,C0927,Search,2025-08-12 13:47:27,add_to_cart
,C0592,Checkout,2025-08-04 14:45:39,click
E01262,C0416,Product,2024-12-09 16:08:59,view
E01263,C0212,Home,2025-04-30 11:21:01,view
E01264,C0666,Product,2025-10-11 18:53:51,view
E01265,C0778,Cart,2025-01-07 22:10:23,click
E01266,C0482,Product,2024-11-24 09:43:54,view
E01267,C0003,Cart,2024-12-05 15:28:56,view
E01268,C0619,Checkout,2025-04-02 16:44:53,view
E01269,C0155,Cart,2025-11-13 08:10:54,click
E01270,,,2025-01-07 14:37:00,view
E01271,C0201,Checkout,2025-03-06 19:06:38,click
E01272,C0248,,2025-04-16 06:14:32,click
E01273,C0199,Home,2025-02-28 08:54:57,purchase
E01274,,Home,2025-01-06 08:24:05,view
E01275,C0822,Product,2025-10-20 11:58:52,
,C0865,Search,2025-02-20 04:14:16,view
E01277,C0963,Checkout,2024-12-01 23:07:54,view
E01278,C0814,Checkout,2025-08-29 22:50:46,purchase
E01279,C0526,Product,2025-03-19 03:14:58,click
E01280,C0044,Search,2025-10-16 14:10:30,view
E01281,C0151,Cart,2025-06-16 07:57:48,view
E01282,,Cart,2025-03-06 11:18:43,view
E01283,C0482,Search,2025-01-14 05:49:29,click
E01284,C0763,Checkout,2025-02-11 12:04:27,add_to_cart
E01285,C0947,Cart,2025-08-02 11:31:30,add_to_cart
E01286,C0075,Home,2025-01-08 13:05:42,purchase
E01287,,Checkout,2025-06-26 16:37:38,view
E01288,C0457,Search,2025-02-02 03:50:43,add_to_cart
E01289,C0939,Product,2025-01-18 04:50:01,click
E01290,C0811,Search,2025-11-15 09:31:33,click
E01291,C0852,Home,2025-07-29 09:11:13,view
E01292,C0215,Home,2025-02-10 04:01:57,add_to_cart
E01293,C0670,Search,2025-07-09 07:31:11,click
E01294,C0609,Search,2024-11-27 10:04:02,view
,C0696,Checkout,2025-03-29 21:35:47,add_to_cart
E01296,C0836,Home,2025-10-06 13:03:29,purchase
E01297,C0150,Home,2025-06-23 21:05:04,view
E01298,C0816,Cart,2025-03-25 05:32:43,click
E01299,C0829,Cart,2024-11-20 10:03:19,purchase
E01300,C0791,Home,,purchase
E01301,C0724,Checkout,2025-08-12 12:16:34,view
E01302,C0448,Cart,2025-09-07 01:50:30,add_to_cart
E01303,C0105,Search,2025-03-27 14:19:17,add_to_cart
E01304,C0745,Product,2025-08-06 09:31:31,view
E01305,C0111,Search,2025-02-01 08:55:46,add_to_cart
E01306,C0795,,2025-02-25 02:58:27,view
E01307,C0793,Home,2025-02-12 15:21:47,view
E01308,C0842,Checkout,2025-07-15 14:56:11,add_to_cart
E01309,C0334,Search,2025-10-06 01:18:02,
,C0098,Checkout,2025-07-14 12:35:56,purchase
E01311,C0659,Checkout,2025-03-09 06:42:34,add_to_cart
E01312,C0272,Cart,2025-03-13 11:33:24,click
E01313,C0172,Home,2025-04-15 17:19:28,click
E01314,C0239,Home,2025-06-16 22:19:28,add_to_cart
E01315,C0189,Cart,2025-08-03 01:29:33,add_to_cart
E01316,C0424,Cart,2025-07-20 22:19:13,view
E01317,C0196,Checkout,2025-08-09 01:14:03,purchase
E01318,,Product,2025-10-09 23:59:16,add_to_cart
E01319,C0872,Home,2025-11-04 00:30:59,purchase
E01320,C0512,Search,2025-05-23 11:12:53,view
E01321,C0840,Product,2025-02-02 21:45:18,view
E01322,C0409,Product,2025-06-05 08:04:19,view
E01323,C0131,,2025-01-06 09:10:47,purchase
E01324,C0599,Product,2025-03-02 01:29:53,add_to_cart
E01325,C0158,Cart,,add_to_cart
E01326,C0692,,2025-05-23 06:33:40,click
,C0296,Checkout,2025-04-08 23:05:47,click
E01328,C0717,Checkout,2025-07-08 14:08:29,purchase
E01329,C0474,Cart,2025-10-11 04:23:37,add_to_cart
E01330,C0664,,2025-01-24 20:08:15,click
E01331,C0602,Home,2025-10-26 09:30:25,purchase
E01332,C0909,Product,2025-01-08 05:11:10,click
E01333,C0342,Search,2025-10-17 04:23:49,
E01334,,Search,2025-10-30 01:27:21,purchase
E01335,C0878,Search,2025-03-20 10:54:09,add_to_cart
E01336,,Checkout,2024-12-31 15:09:50,purchase
E01337,C0255,Cart,2025-02-18 08:07:36,click
E01338,C0143,Cart,2024-12-19 09:48:03,purchase
E01339,C0920,Cart,2025-03-04 12:07:06,
E01340,C1000,Checkout,2025-05-06 18:31:29,view
E01341,C0037,Product,2025-02-10 10:50:03,view
E01342,C0577,Checkout,2025-09-07 12:06:32,view
,C0243,Search,2025-07-22 05:45:30,view
E01344,,Search,2025-09-29 13:18:54,click
E01345,C0530,Cart,2025-02-05 01:50:00,view
E01346,C0309,Home,2025-08-18 03:53:44,purchase
E01347,C0069,Product,2024-12-27 01:31:33,add_to_cart
E01348,C0828,Checkout,2025-04-17 10:30:19,add_to_cart
E01349,C0069,Cart,2025-03-15 10:28:29,click
E01350,C0752,Search,2025-10-12 09:20:06,purchase
E01351,C0945,Product,2025-03-17 23:09:31,click
E01352,C0321,Search,2024-12-18 04:34:44,view
E01353,C0641,Checkout,2025-11-07 14:22:02,add_to_cart
E01354,C0839,,2025-05-18 06:37:49,click
E01355,C0767,Cart,2025-02-11 08:25:17,view
E01356,C0856,Home,2025-07-06 21:05:59,view
E01357,,Search,2025-02-07 20:22:31,click
E01358,C0553,Checkout,2025-03-05 20:37:52,view
E01359,,,2025-07-16 05:15:06,purchase
E01360,C0699,Home,2025-08-17 14:51:27,click
E01361,C0998,Product,,view
E01362,C0331,Cart,2025-06-17 00:35:25,click
E01363,C0248,Home,,purchase
E01364,C0404,Product,2025-10-19 09:12:19,view
E01365,C0844,Checkout,2025-08-13 03:27:49,purchase
E01366,C0523,Home,2025-02-15 05:57:34,view
E01367,C0855,Search,2025-11-05 04:57:51,
E01368,C0723,Cart,2025-07-28 17:07:24,add_to_cart
E01369,C0546,Search,2025-05-23 03:05:33,view
E01370,,Home,2025-09-05 01:32:29,purchase
E01371,C0967,Search,2025-01-01 01:52:51,add_to_cart
,C0326,Search,2025-03-11 03:19:37,add_to_cart
E01373,C0047,Home,2025-03-09 04:19:12,click
E01374,C0944,Product,2025-08-06 05:56:03,click
E01375,C0744,Checkout,2024-12-31 11:28:04,view
E01376,,Home,2025-10-12 22:58:08,purchase
E01377,C0916,Product,2024-12-13 21:04:41,view
E01378,C0167,,2025-01-02 05:34:14,add_to_cart
E01379,C0760,Search,2025-04-01 04:13:13,click
E01380,C0205,Product,2025-01-31 06:52:37,view
E01381,C0801,Checkout,2025-08-29 18:58:32,purchase
E01382,C0628,Cart,2025-05-18 19:40:44,click
E01383,C0687,Checkout,2025-08-15 17:18:42,click
E01384,C0733,Checkout,2025-07-03 06:30:46,purchase
E01385,C0099,Search,2025-08-09 19:20:45,purchase
,C0950,Product,2025-07-15 02:52:37,purchase
E01387,C0031,Search,2025-03-29 13:22:02,add_to_cart
E01388,C0704,Cart,2025-04-25 20:04:20,view
E01389,C0161,Product,2025-09-03 02:07:22,view
,C0173,Checkout,2025-07-15 03:22:44,purchase
E01391,C0523,Product,,view
E01392,C0903,Search,2025-10-08 08:15:59,view
E01393,C0086,Home,2024-12-04 11:53:17,view
E01394,C0747,Home,,view
E01395,C0600,Checkout,2025-04-11 01:35:55,click
E01396,C0103,Search,2025-06-09 22:35:11,view
E01397,C0917,Checkout,2025-09-03 15:41:58,click
,C0715,Home,2025-03-25 16:01:46,add_to_cart
E01399,C0251,Home,2025-01-16 14:50:25,view
E01400,,Search,2025-02-24 13:14:24,add_to_cart
E01401,C0430,Search,2025-06-07 23:18:48,click
E01402,C0834,Cart,2025-03-23 21:17:07,purchase
E01403,C0406,Product,2025-04-29 08:38:05,click
E01404,C0254,Checkout,2025-06-10 22:27:06,view
E01405,C0760,Product,2025-09-12 01:11:28,click
E01406,C0448,Product,2025-05-08 12:56:26,view
E01407,C0101,Checkout,2025-03-01 09:53:19,view
,C0838,Product,2025-06-04 17:42:50,add_to_cart
E01409,C0563,Checkout,2025-07-21 08:44:17,
E01410,C0457,Cart,2025-06-04 15:50:56,view
E01411,C0114,Product,2024-12-17 13:04:32,view
E01412,C0483,Search,2025-11-04 11:15:10,view
E01413,C0517,Home,2025-01-24 09:08:20,click
E01414,C0314,Cart,2025-02-25 03:08:55,purchase
E01415,C0594,Product,2025-05-12 20:02:46,add_to_cart
E01416,C0078,Checkout,2025-06-17 18:09:53,click
E01417,C0252,Product,2024-11-22 17:08:39,purchase
E01418,C0795,Home,,purchase
E01419,C0579,Product,2025-04-20 05:00:49,add_to_cart
E01420,C0679,,,view
E01421,C0933,Checkout,2025-11-11 10:35:46,purchase
E01422,C0269,Home,2025-07-14 16:51:57,view
E01423,C0284,Home,2025-10-25 03:27:06,purchase
E01424,,Home,2025-03-23 03:33:26,click
E01425,C0764,Search,2025-08-06 19:19:48,add_to_cart
E01426,,Search,2024-12-09 14:03:22,view
E01427,C0703,Home,2024-12-24 16:58:45,
E01428,C0578,Home,2025-07-08 18:36:00,purchase
E01429,C0536,Cart,2025-02-06 14:47:27,click
E01430,C0102,Product,2025-09-02 01:59:47,add_to_cart
E01431,C0840,Search,2025-10-06 19:21:06,view
E01432,C0153,Product,2025-02-12 05:38:57,purchase
E01433,C0768,Home,2024-12-17 03:18:11,add_to_cart
E01434,C0708,Search,2025-06-29 09:11:37,click
E01435,,Home,2024-12-26 21:55:01,click
E01436,C0332,Search,2025-07-24 01:40:22,
E01437,C0412,Checkout,2025-02-04 00:05:13,view
E01438,C0165,Product,2025-02-14 09:09:46,purchase
E01439,C0777,Product,2025-04-29 06:21:37,click
E01440,C0537,Home,2025-01-06 11:26:00,view
E01441,C0277,Cart,2025-06-07 07:25:24,add_to_cart
E01442,C0925,Search,2025-09-12 23:01:57,view
E01443,C0511,Home,2024-12-25 08:43:06,
E01444,C0364,Cart,2025-02-14 19:47:58,view
E01445,C0087,Search,2024-11-19 08:11:32,purchase
E01446,C0054,Cart,2025-03-22 11:57:08,purchase
E01447,C0470,,2025-10-11 15:02:43,view
E01448,C0037,Product,2025-07-15 18:38:28,purchase
E01449,C0594,Product,2025-07-21 22:21:03,purchase
E01450,C0244,Search,2025-02-06 09:39:54,add_to_cart
E01451,C0871,Home,2025-11-09 02:32:31,
E01452,C0513,Search,2025-04-08 01:56:59,view
E01453,C0226,Cart,2025-10-20 07:30:08,add_to_cart
E01454,C0232,Home,2025-10-26 05:54:50,purchase
E01455,C0294,,2025-02-02 03:12:52,view
E01456,C0498,Cart,2025-09-03 14:05:53,view
E01457,C0673,Checkout,2025-04-16 13:56:34,click
E01458,C0117,Home,2025-05-21 05:19:50,
E01459,C0460,Product,2025-07-14 06:34:42,add_to_cart
E01460,C0601,Search,2025-10-10 06:51:20,click
E01461,C0828,Checkout,2025-10-26 10:08:46,view
E01462,C0343,Search,2025-03-17 04:49:13,add_to_cart
E01463,C0338,Home,2025-08-16 05:05:48,view
E01464,C0657,Product,,add_to_cart
E01465,C0706,Search,2025-04-21 18:17:11,view
E01466,C0355,Home,2025-03-03 11:16:39,add_to_cart
E01467,C0621,Search,2025-05-26 21:48:28,view
E01468,C0747,Home,2025-09-13 19:33:19,view
E01469,C0501,Cart,2025-04-21 00:43:35,click
E01470,C0328,Home,2024-12-23 15:17:23,view
E01471,C0050,Home,2025-02-16 07:03:25,view
E01472,C0983,Cart,2024-12-17 04:56:47,click
E01473,C0025,Product,2025-02-05 16:53:58,click
E01474,C0937,Cart,2025-09-20 13:50:47,view
E01475,C0524,Cart,2025-06-29 03:39:32,add_to_cart
E01476,C0268,Cart,2025-07-19 18:44:41,add_to_cart
E01477,C0757,,2025-02-26 04:26:14,add_to_cart
E01478,C0806,Search,2025-03-26 02:35:07,add_to_cart
E01479,C0818,Cart,2025-07-28 16:40:11,click
E01480,C0711,Cart,2025-05-10 18:33:14,view
E01481,C0981,Cart,2025-03-25 14:32:57,add_to_cart
E01482,C0591,Home,2025-09-05 14:47:55,add_to_cart
E01483,C0602,Search,2024-11-25 23:10:54,click
,C0404,Checkout,,purchase
E01485,,Home,2025-08-30 12:41:29,view
E01486,C0180,Search,2025-11-07 04:02:37,purchase
E01487,C0539,Cart,2025-10-28 12:56:35,click
E01488,C0391,Search,2024-12-16 05:25:38,click
,C0739,Product,,click
E01490,,Cart,2025-09-07 20:24:30,add_to_cart
E01491,C0428,Checkout,2025-08-29 18:31:00,add_to_cart
E01492,C0934,Home,,add_to_cart
E01493,C0005,Product,2025-08-04 09:19:13,add_to_cart
E01494,C0219,Product,2025-06-01 23:47:15,view
E01495,C0244,Product,2024-12-10 20:26:03,
E01496,C0020,Product,2025-06-18 08:49:34,click
E01497,C0576,,2025-05-14 20:23:51,add_to_cart
E01498,C0911,Cart,2025-02-20 21:34:47,view
E01499,C0231,Product,2025-01-22 11:40:44,view
E01500,C0305,Product,2025-10-17 04:06:35,click
E01501,C0055,Cart,2025-01-10 06:48:13,purchase
E01502,C0157,Product,2025-01-17 18:10:51,click
E01503,C0772,Search,2025-10-11 03:09:54,purchase
E01504,C0119,Home,2025-10-28 12:30:46,add_to_cart
E01505,C0911,Product,2025-05-10 05:00:16,add_to_cart
E01506,C0042,Cart,,add_to_cart
E01507,C0047,Cart,2025-09-21 21:45:41,click
E01508,C0589,Cart,2025-05-10 14:16:32,add_to_cart
E01509,C0258,Cart,2025-01-11 08:35:56,view
E01510,C0089,Cart,2025-10-24 17:58:29,purchase
E01511,C0216,Cart,2025-09-04 08:25:54,purchase
E01512,C0717,Search,2025-03-30 12:14:45,purchase
E01513,C0467,Search,2025-07-10 08:59:10,view
E01514,C0712,Checkout,2025-01-28 14:34:35,click
E01515,C0121,Product,2025-04-28 18:40:29,
E01516,C0387,Home,2025-01-31 02:33:56,view
E01517,C0911,Product,2025-08-16 20:54:11,add_to_cart
E01518,C0951,Checkout,2025-02-22 21:29:04,add_to_cart
E01519,C0566,Search,2024-12-25 08:23:17,click
E01520,C0271,Cart,2024-12-07 21:32:58,purchase
E01521,C0755,Search,2025-10-12 21:13:14,click
E01522,C0260,,2025-03-01 04:06:39,view
E01523,C0079,Checkout,2025-02-06 01:00:10,add_to_cart
E01524,C0201,Checkout,2025-05-26 12:55:30,click
E01525,C0392,Checkout,2025-07-25 02:16:11,view
E01526,C0153,Search,2025-04-15 00:55:11,purchase
E01527,C0382,Checkout,2025-01-22 01:30:38,add_to_cart
E01528,C0983,Product,2025-02-10 22:52:46,purchase
E01529,C0527,Search,2024-12-31 17:57:27,view
E01530,C0078,Checkout,2025-02-15 17:10:29,purchase
,C0317,Product,2025-05-25 14:50:39,purchase
E01532,C0490,Product,,click
E01533,C0353,Home,2025-06-26 21:25:34,view
E01534,C0856,Cart,2025-10-19 23:31:11,view
E01535,C0165,Home,2025-02-06 00:08:22,click
E01536,C0976,Product,2025-08-07 10:56:14,view
E01537,C0592,Product,2025-02-22 10:29:13,click
E01538,C0272,Cart,2025-04-22 19:39:14,purchase
E01539,C0638,Search,2025-09-14 09:34:37,view
E01540,C0543,Product,2025-06-29 00:38:20,view
E01541,C0791,Home,2025-03-25 20:53:53,view
E01542,C0521,Home,2025-09-18 04:21:57,add_to_cart
E01543,C0482,Cart,2024-11-26 08:31:57,purchase
E01544,C0430,Search,2025-08-09 21:15:43,
E01545,,Home,2025-08-17 07:20:03,click
E01546,C0475,Search,2025-06-10 02:50:02,view
E01547,C0075,Home,2025-08-26 07:19:28,view
E01548,C0848,Cart,2025-01-26 21:15:27,view
E01549,C0453,Product,2025-01-25 00:50:24,view
E01550,C0196,Cart,2025-03-28 10:56:22,add_to_cart
E01551,C0541,Home,2025-11-02 01:22:50,
E01552,C0831,Cart,2025-09-21 05:41:40,add_to_cart
E01553,C0583,Search,2025-10-31 19:22:35,view
E01554,C0559,Cart,2025-04-12 01:47:54,click
E01555,C0102,Search,2025-06-24 17:25:35,click
E01556,C0101,Checkout,2025-03-10 05:11:04,view
E01557,C0961,Home,2025-01-21 18:24:11,purchase
E01558,C0797,Home,2025-01-30 18:47:57,
E01559,C0116,Product,2025-10-30 19:06:41,click
E01560,C0181,,2025-03-20 23:24:46,purchase
E01561,C0519,Home,2025-08-12 17:54:28,click
E01562,C0144,Home,2025-11-02 06:09:34,click
E01563,C0002,Checkout,2025-08-18 07:19:09,view
E01564,C0963,Home,2025-05-10 13:21:27,view
E01565,,Search,2025-01-23 04:26:49,view
E01566,C0242,Home,2025-02-10 20:03:36,click
E01567,C0937,Cart,2024-12-22 21:54:15,add_to_cart
,C0353,Cart,2025-10-07 21:21:05,click
E01569,C0700,Home,2025-03-29 02:15:08,add_to_cart
E01570,C0357,Search,2025-05-03 00:58:45,purchase
E01571,C0356,Search,2025-07-21 23:35:12,add_to_cart
E01572,C0503,Search,2024-12-30 04:09:27,add_to_cart
E01573,,Cart,2025-09-01 16:16:23,purchase
E01574,C0570,Product,2025-05-21 06:32:52,purchase
E01575,C0698,Checkout,2025-05-24 06:46:31,add_to_cart
E01576,C0035,Home,2025-03-15 12:38:56,purchase
E01577,C0780,Product,2025-07-14 21:12:24,view
E01578,C0641,Home,2025-05-28 03:15:06,view
E01579,C0064,Search,2025-02-17 07:30:45,click
E01580,C0039,,2025-04-21 09:44:43,click
E01581,,Checkout,2025-02-20 00:34:59,click
E01582,C0636,Checkout,2025-06-17 20:07:23,view
E01583,C0708,Search,2025-02-03 04:59:24,view
E01584,C0030,Checkout,2025-08-31 15:30:08,view
,,Home,2025-03-10 13:55:39,view
E01586,C0823,,2024-11-22 13:53:29,click
E01587,C0103,,2025-06-26 14:09:40,purchase
E01588,C0975,Cart,2024-12-18 23:45:08,view
E01589,C0718,Home,2024-12-23 05:56:17,add_to_cart
E01590,C0610,Home,2025-05-14 18:13:08,click
E01591,C0911,Search,2025-05-03 18:15:18,purchase
E01592,C0312,Search,2025-07-25 21:38:25,purchase
E01593,C0340,Checkout,2025-07-01 19:02:59,click
E01594,C0573,Product,2025-01-11 03:51:15,add_to_cart
E01595,C0712,Cart,2025-01-10 16:02:51,click
E01596,C0092,Checkout,2025-08-01 17:23:04,click
E01597,C0356,Product,2025-04-05 19:45:06,add_to_cart
E01598,,Checkout,2025-05-13 18:57:21,click
E01599,C0945,Checkout,2025-02-28 19:18:18,click
E01600,C0285,Home,2025-07-01 19:34:18,purchase
E01601,C0303,Checkout,2025-07-29 03:22:41,purchase
E01602,,Checkout,2025-01-07 18:16:43,view
E01603,,Search,2025-09-19 18:09:13,purchase
E01604,C0730,Search,2025-11-14 18:20:14,click
E01605,C0223,Product,2024-12-30 08:22:05,purchase
E01606,C0656,Checkout,2025-09-16 22:24:57,add_to_cart
E01607,C0183,Home,2025-11-10 17:14:08,view
,C0690,Cart,2024-12-04 01:41:39,purchase
E01609,C0578,Product,2025-03-20 12:58:58,purchase
E01610,C0533,Search,2025-10-22 05:37:35,click
E01611,C0552,Home,2025-02-02 17:18:08,purchase
E01612,C0922,Search,2025-05-21 15:50:36,purchase
E01613,C0268,,2025-01-17 19:15:51,click
E01614,C0525,Product,2025-08-15 18:59:33,add_to_cart
E01615,C0047,Home,2024-12-06 19:32:38,view
E01616,C0012,Cart,2025-04-30 13:22:15,click
E01617,C0535,Cart,2025-01-07 19:37:45,add_to_cart
E01618,C0440,Cart,2025-06-21 01:12:39,purchase
E01619,C0956,Checkout,,add_to_cart
E01620,C0358,Checkout,2025-08-08 14:23:41,purchase
E01621,C0195,Search,2025-09-26 09:40:44,view
E01622,C0070,Cart,2025-09-10 11:54:17,
E01623,C0436,Product,2025-06-10 09:54:09,view
E01624,C0645,Product,2025-10-03 19:43:28,add_to_cart
E01625,C0882,Cart,2025-09-01 22:55:55,click
E01626,C0081,Cart,2025-09-14 09:31:42,click
E01627,,Home,2025-03-20 19:58:38,purchase
E01628,C0226,Product,2025-09-08 05:08:13,click
E01629,C0606,Checkout,2024-12-16 04:59:29,purchase
E01630,C0435,Product,2025-06-21 06:59:03,purchase
E01631,C0570,,,click
E01632,C0585,Search,2025-07-08 00:36:55,view
E01633,C0454,Cart,2025-06-15 03:16:11,view
E01634,,Search,2025-04-05 22:50:33,add_to_cart
E01635,,Cart,2025-07-19 20:09:33,
E01636,C0125,,2025-10-23 17:20:20,purchase
E01637,C0471,Product,2025-10-07 15:32:14,purchase
,C0266,Cart,2025-09-24 18:39:48,add_to_cart
E01639,C0270,Search,2024-11-21 12:47:16,add_to_cart
E01640,C0392,Home,2025-05-28 20:24:35,view
E01641,C0477,Home,2025-03-30 06:13:35,purchase
E01642,C0241,Checkout,2025-05-20 23:42:17,click
E01643,C0968,Cart,2025-10-28 04:36:46,
E01644,C0573,Cart,2025-07-11 16:41:33,view
E01645,C0688,Cart,2025-01-09 05:59:17,purchase
E01646,C0928,Product,2024-11-27 10:08:12,purchase
E01647,C0639,Checkout,2025-08-16 08:03:37,add_to_cart
E01648,C0475,Product,2025-07-23 22:34:17,add_to_cart
E01649,C0775,Checkout,2025-10-17 03:48:43,click
E01650,C0546,Search,2025-08-09 00:12:54,purchase
E01651,C0805,Home,2025-06-05 17:54:25,view
E01652,C0147,Search,2025-05-04 23:03:52,click
E01653,C0297,Product,2025-05-13 10:13:07,add_to_cart
E01654,C0800,Product,2025-09-07 21:22:52,add_to_cart
E01655,C0490,Cart,2025-02-27 15:58:57,purchase
E01656,C0418,Product,2025-11-15 08:57:08,view
E01657,C0009,Product,2024-11-25 04:47:52,click
E01658,C0860,Search,2025-09-05 23:31:23,click
E01659,C0650,,2024-11-27 23:58:15,add_to_cart
E01660,C0452,Search,2025-04-02 07:30:43,add_to_cart
E01661,C0617,Product,,purchase
E01662,C0896,Checkout,2025-01-30 22:29:55,purchase
E01663,,Product,2024-12-27 22:20:27,view
,C0886,Cart,2025-01-05 12:09:28,purchase
E01665,C0622,Product,2024-12-31 15:06:53,view
E01666,C0448,Product,2024-12-11 11:34:46,view
E01667,C0646,Search,2024-11-26 17:29:32,purchase
E01668,C0645,Cart,2025-08-03 09:26:42,add_to_cart
E01669,C0559,Product,2025-11-03 07:45:43,purchase
E01670,C0302,Product,2025-09-16 13:04:55,click
E01671,C0499,Product,2025-03-08 09:23:11,click
E01672,C0938,Search,2025-05-10 01:10:56,add_to_cart
E01673,C0556,Search,2025-11-10 01:54:38,purchase
E01674,C0084,Checkout,2025-03-08 01:21:37,click
E01675,C0714,Search,2025-10-07 07:32:09,click
E01676,C0976,Product,2024-12-02 07:48:24,purchase
E01677,C0875,Product,2025-11-16 10:02:12,purchase
,C0191,Cart,2025-09-24 15:44:36,add_to_cart
E01679,C0818,Home,2025-09-02 11:18:03,click
E01680,C0866,Cart,2025-11-03 16:27:50,view
E01681,C0891,Home,2025-05-30 12:31:33,click
E01682,C0875,Product,2025-04-28 17:43:24,view
E01683,C0546,Checkout,2025-04-11 07:57:55,click
E01684,C0423,Search,2025-05-30 06:46:29,add_to_cart
E01685,C0016,Home,2025-07-05 12:57:29,click
E01686,C0066,Product,2025-01-10 00:06:52,view
E01687,C0478,Cart,2025-09-10 01:52:33,purchase
E01688,C0533,Product,2025-03-28 11:50:09,add_to_cart
E01689,C0385,Cart,2025-02-23 15:14:28,view
E01690,,Checkout,2025-11-08 13:30:38,click
E01691,C0668,Checkout,2024-12-26 18:36:03,add_to_cart
E01692,C0540,Product,2025-01-18 01:43:55,view
E01693,C0634,Search,2025-01-06 22:22:50,click
E01694,C0246,Product,2025-09-02 01:05:01,purchase
E01695,C0981,Checkout,2025-11-16 07:22:40,click
E01696,C0948,Product,2025-10-16 22:40:48,view
E01697,C0570,Search,2025-07-18 21:38:12,click
E01698,C0797,Cart,2025-05-12 17:50:00,add_to_cart
E01699,C0296,Search,2025-08-06 04:43:36,click
E01700,C0226,Product,2024-11-28 00:12:17,view
E01701,C0227,Search,2025-01-26 08:59:42,add_to_cart
,C0661,Home,2025-02-04 19:20:07,view
E01703,C0140,Product,2025-08-11 16:34:40,purchase
E01704,C0161,Home,2025-10-26 17:21:09,add_to_cart
E01705,,Product,2024-11-30 01:21:37,add_to_cart
E01706,C0653,Product,2024-12-26 22:09:01,add_to_cart
E01707,C0146,Checkout,2025-05-27 06:09:15,click
E01708,C0646,Checkout,2025-01-25 12:39:25,view
E01709,C0409,Checkout,2025-02-22 07:28:10,click
E01710,C0207,Checkout,2024-11-22 20:26:42,purchase
E01711,C0423,Home,2025-05-19 16:12:58,purchase
E01712,C0693,Product,2025-08-05 03:12:10,add_to_cart
E01713,C0977,Cart,2025-02-02 22:53:55,add_to_cart
E01714,C0067,Product,2024-11-25 18:56:55,view
E01715,C0143,Search,2025-07-09 07:53:23,purchase
E01716,C0721,Checkout,2024-12-11 02:17:56,
E01717,C0712,Cart,2025-08-19 15:42:38,click
E01718,C0081,Product,2024-12-14 19:52:12,click
E01719,C0364,Cart,2025-05-22 06:55:14,add_to_cart
E01720,C0814,Home,2024-11-18 07:31:54,purchase
E01721,C0608,,2025-09-25 15:54:00,add_to_cart
E01722,C0335,Checkout,2025-06-20 09:22:37,purchase
E01723,C0943,Search,2025-07-09 14:58:37,purchase
E01724,C0231,Cart,2025-05-17 18:31:53,purchase
E01725,C0338,Search,,purchase
E01726,C0440,Product,2025-06-04 12:51:52,purchase
E01727,C0230,Cart,2025-06-23 20:04:08,view
E01728,C0089,Home,2025-05-08 07:02:58,view
E01729,C0716,Search,2025-02-22 06:27:20,add_to_cart
E01730,C0348,Cart,,view
E01731,C0807,Product,2025-08-17 14:58:46,view
,C0259,Search,2025-03-14 21:01:04,view
E01733,C0630,Product,2025-04-15 13:32:19,click
E01734,C0826,Cart,2025-05-14 21:50:58,view
E01735,C0757,Search,2025-09-21 10:57:52,purchase
E01736,,Search,2024-12-28 05:37:51,add_to_cart
E01737,,Search,2025-11-01 17:29:27,add_to_cart
E01738,C0725,Product,2025-03-17 13:54:23,click
E01739,C0853,Product,2025-05-10 09:00:35,view
E01740,C0244,Cart,2025-09-01 06:15:55,purchase
E01741,C0253,Home,2025-01-01 15:11:20,click
E01742,C0517,Cart,2025-05-02 01:40:39,view
E01743,C0444,Home,2025-01-04 03:07:46,add_to_cart
E01744,C0033,Search,2025-02-25 02:38:24,add_to_cart
E01745,C0182,Search,2025-08-15 13:07:46,click
E01746,C0881,Home,2025-04-25 18:44:24,
E01747,C0582,Home,2025-10-11 03:51:53,click
E01748,C0246,Cart,2025-11-10 04:51:26,click
E01749,C0194,,2025-02-22 23:43:25,view
E01750,C0945,Search,2025-01-18 17:18:22,add_to_cart
E01751,C0980,,2025-03-01 21:20:19,add_to_cart
E01752,C0926,Checkout,,click
E01753,C0623,Search,2025-02-15 07:25:58,purchase
E01754,C0304,Checkout,2025-02-17 04:32:25,view
E01755,C0235,Checkout,2024-12-26 01:55:54,add_to_cart
E01756,C0880,Cart,2025-07-30 07:01:30,purchase
E01757,C0355,Product,2025-07-27 19:24:41,click
E01758,C0927,Checkout,2025-02-22 13:23:04,add_to_cart
E01759,C0622,Checkout,2025-10-30 16:54:44,purchase
E01760,,Home,2025-02-17 01:13:14,purchase
E01761,C0877,Checkout,2025-01-28 06:16:16,click
E01762,C0950,Search,2025-01-29 06:49:48,view
E01763,C0774,Home,2025-10-27 03:07:16,add_to_cart
E01764,,Checkout,,view
E01765,C0201,Checkout,2025-04-01 21:09:44,add_to_cart
E01766,C0892,Search,2025-06-07 08:05:35,view
E01767,C0988,Checkout,2024-12-29 19:37:49,view
E01768,C0314,Cart,2025-08-29 11:11:31,add_to_cart
E01769,C0937,Home,2024-12-26 19:21:24,purchase
E01770,C0986,Product,2024-12-16 20:34:21,add_to_cart
E01771,C0329,Search,2025-11-15 18:45:32,add_to_cart
E01772,C0657,Checkout,2025-08-08 05:42:46,view
E01773,C0124,Home,2024-11-25 22:16:01,add_to_cart
E01774,C0032,Home,2025-09-15 16:06:58,click
E01775,C0661,Search,2025-05-22 08:19:12,view
,C0312,Home,2024-12-30 15:34:15,purchase
E01777,C0090,Checkout,2025-02-05 20:39:14,add_to_cart
E01778,C0273,Checkout,2025-09-30 14:58:36,add_to_cart
E01779,C0076,Checkout,2025-05-12 09:57:42,add_to_cart
E01780,C0775,Checkout,2025-09-09 06:08:43,purchase
E01781,C0915,Cart,2025-06-20 00:07:09,view
E01782,C0473,Cart,2025-05-10 02:49:02,add_to_cart
E01783,C0922,Product,2025-09-21 02:11:24,add_to_cart
E01784,C0554,Cart,2025-05-04 09:06:00,view
E01785,C0589,Cart,2025-05-30 08:14:11,add_to_cart
,C0619,Search,2025-04-11 22:38:36,view
E01787,C0105,Checkout,2025-07-01 13:34:12,add_to_cart
E01788,C0144,Checkout,2025-02-27 06:45:56,add_to_cart
E01789,C0334,Search,2024-12-13 14:14:19,add_to_cart
E01790,C0955,Home,2025-02-01 18:13:36,add_to_cart
E01791,C0155,Product,2024-12-06 11:21:55,click
E01792,C0274,Checkout,2024-12-30 15:22:00,click
E01793,C0440,Search,2025-01-12 19:34:17,add_to_cart
E01794,C0516,Home,2025-08-05 16:24:01,purchase
E01795,C0065,Search,2025-07-18 16:08:21,add_to_cart
E01796,C0604,Checkout,2025-02-17 02:10:46,add_to_cart
E01797,C0226,Checkout,2025-09-20 01:08:48,purchase
E01798,C0751,Product,2025-09-01 08:45:52,view
E01799,C0892,Cart,2025-03-19 13:08:31,view
E01800,C0807,Checkout,2025-01-04 18:56:15,add_to_cart
E01801,C0964,Product,2025-07-21 16:39:48,view
E01802,C0537,Checkout,2024-12-31 14:51:18,view
E01803,C0517,Home,2025-04-28 11:46:07,view
E01804,C0440,Home,2025-05-04 11:02:43,add_to_cart
E01805,C0993,Checkout,2025-08-25 18:41:46,
E01806,C0030,Home,2025-06-25 18:20:05,click
E01807,C0092,Home,2024-12-22 06:22:18,add_to_cart
E01808,C0705,Cart,2025-04-15 11:20:52,add_to_cart
E01809,C0569,Product,2025-11-03 00:22:33,view
E01810,C0535,Search,2025-04-05 02:52:15,purchase
E01811,C0022,Home,2025-03-16 17:05:33,click
E01812,C0751,Cart,2025-03-11 16:23:12,add_to_cart
E01813,C0790,Product,2025-08-18 04:21:12,add_to_cart
E01814,C0937,Search,2025-08-08 16:33:00,add_to_cart
E01815,C0281,Product,2024-12-13 01:46:30,click
E01816,C0751,Product,2025-09-27 01:21:11,add_to_cart
E01817,C0241,Cart,2025-03-09 09:58:14,view
E01818,C0580,Checkout,2025-03-08 02:25:20,
E01819,C0916,Search,2024-11-20 01:28:14,view
E01820,C0016,Home,2025-07-18 10:34:40,add_to_cart
E01821,C0460,Home,2025-04-25 23:05:08,add_to_cart
E01822,C0769,Cart,2025-08-10 15:55:34,purchase
E01823,C0667,Home,2025-02-02 16:34:17,add_to_cart
E01824,C0831,Product,2025-04-08 18:54:04,add_to_cart
E01825,C0636,Product,2025-01-18 05:48:40,purchase
E01826,C0199,Cart,2025-10-26 10:24:55,click
E01827,C0784,Cart,2025-03-12 00:25:47,click
E01828,C0293,Search,2025-09-07 11:31:07,click
E01829,C0363,Product,2025-07-14 22:50:26,view
E01830,C0449,,2025-11-07 19:13:19,
E01831,C0295,Checkout,2024-11-25 17:50:15,purchase
E01832,,Checkout,,click
E01833,C0846,,2025-03-18 21:37:46,view
E01834,C0600,Product,2025-11-11 08:40:53,purchase
E01835,C0094,Search,2025-04-28 04:45:10,click
E01836,C0587,Cart,2025-05-05 22:01:15,add_to_cart
E01837,C0508,,2025-07-23 11:42:50,view
E01838,C0010,Product,2025-11-10 03:20:07,click
,C0482,Home,2025-09-02 22:33:53,purchase
E01840,C0277,Checkout,2025-01-20 01:12:55,view
E01841,C0917,Home,2025-04-28 16:38:16,view
E01842,C0031,Cart,2024-11-25 21:45:26,click
E01843,C0462,Product,2024-12-10 22:21:03,add_to_cart
E01844,C0007,Checkout,2025-07-29 02:21:16,click
E01845,C0802,Product,2025-10-16 08:21:08,view
E01846,C0502,Cart,2025-02-23 18:18:24,view
E01847,C0986,Product,2025-09-05 19:48:54,click
E01848,C0812,Checkout,2025-08-31 16:30:06,view
E01849,C0074,Product,2025-01-24 11:34:35,click
E01850,C0741,Checkout,2025-02-18 07:49:52,add_to_cart
E01851,C0426,Search,2025-09-25 06:18:40,view
E01852,C0030,Cart,2025-07-31 05:31:13,purchase
E01853,C0313,Product,2025-07-11 16:06:40,click
E01854,,Search,2025-07-01 12:52:59,purchase
E01855,C0088,Home,2025-02-27 16:13:11,purchase
E01856,C0707,Product,2025-10-27 12:26:45,purchase
E01857,C0645,Product,2025-05-23 17:51:35,view
E01858,C0335,Home,2025-07-27 16:39:42,purchase
E01859,C0793,Product,2025-09-07 19:31:13,view
E01860,C0252,Home,2025-01-11 18:24:55,add_to_cart
E01861,C0034,Search,2025-01-09 11:54:23,purchase
E01862,C0712,Cart,2024-12-25 09:32:05,click
E01863,C0645,Home,2025-06-19 20:38:07,purchase
E01864,C0942,Checkout,2025-05-09 05:04:42,view
E01865,C0182,Search,2025-10-13 00:47:26,view
E01866,C0805,Checkout,2025-09-25 23:35:23,purchase
E01867,C0203,Cart,2024-12-11 11:23:01,view
E01868,C0943,Search,2025-01-07 19:51:16,add_to_cart
E01869,C0149,Checkout,2025-09-05 21:56:45,add_to_cart
E01870,C0465,Home,2025-04-09 13:11:04,purchase
E01871,C0746,,2025-02-18 11:12:48,view
E01872,C0083,Cart,2025-07-08 21:38:07,
E01873,C0203,Search,2025-04-02 11:29:13,view
E01874,C0511,Home,2024-11-20 14:18:29,click
E01875,C0877,Checkout,2025-11-17 02:01:10,purchase
E01876,C0961,Search,2025-01-09 00:36:27,view
E01877,C0552,Search,2025-06-08 01:17:50,add_to_cart
,C0157,Product,2025-11-12 21:18:10,purchase
E01879,C0213,Checkout,2024-12-11 09:20:41,purchase
E01880,C0010,Cart,2025-04-27 04:01:24,purchase
E01881,C0705,Home,2025-06-21 15:57:25,purchase
E01882,C0903,Checkout,2025-11-06 20:42:38,click
E01883,C0275,,2025-06-02 18:30:22,add_to_cart
E01884,C0476,Product,2025-09-28 18:27:07,purchase
E01885,C0774,Home,2025-09-25 01:12:32,click
E01886,C0625,Product,2025-05-23 10:07:37,view
E01887,,Search,2025-11-09 13:04:30,click
E01888,C0669,Product,2025-01-03 12:41:07,view
E01889,C0057,Search,2025-08-19 09:43:09,view
E01890,C0837,Checkout,2025-04-10 04:26:31,purchase
E01891,C0580,Search,2025-10-21 02:33:46,add_to_cart
E01892,C0775,Product,2025-05-07 06:40:37,click
E01893,C0319,Home,2025-01-27 20:45:20,click
E01894,C0077,Home,2025-09-26 04:12:25,purchase
E01895,C0309,Search,2025-11-05 20:13:51,purchase
E01896,C0377,Home,2025-07-28 13:08:11,view
E01897,C0630,Product,2025-02-08 08:52:45,purchase
E01898,,Search,2025-11-15 08:39:47,add_to_cart
E01899,C0491,Product,2025-11-02 09:01:09,view
E01900,C0757,Home,2025-03-29 08:11:01,
E01901,C0182,Cart,2025-06-25 13:58:41,add_to_cart
E01902,C0401,Search,2025-01-24 19:19:22,click
E01903,C0373,Product,2025-11-12 00:21:58,
E01904,,Home,2025-07-16 06:26:09,
E01905,C0586,Home,2024-12-23 16:42:12,view
E01906,C0019,Search,2024-12-20 00:25:13,purchase
E01907,C0387,Product,2025-10-03 12:12:20,click
E01908,C0238,Checkout,2025-07-19 11:34:59,click
E01909,C0228,Cart,2025-06-03 04:12:06,view
E01910,C0318,Cart,,purchase
E01911,C0960,Home,2025-07-27 08:19:42,purchase
E01912,,Product,2025-09-08 07:03:51,add_to_cart
E01913,C0263,Cart,2025-10-16 11:19:25,add_to_cart
E01914,C0042,Search,2025-11-17 09:00:57,purchase
E01915,,Checkout,2025-01-01 20:10:11,click
E01916,C0136,Home,2025-11-07 08:57:12,purchase
E01917,C0833,Search,2024-12-01 07:04:33,
E01918,C0425,Product,2025-05-04 12:30:06,
E01919,C0607,Search,2025-10-30 17:03:56,click
E01920,C0920,Home,2025-07-02 22:57:36,add_to_cart
E01921,C0866,Checkout,2025-08-02 22:08:48,purchase
E01922,,Home,2025-06-22 00:15:48,add_to_cart
E01923,,Product,2024-12-05 15:08:08,click
E01924,C0683,Checkout,2025-08-05 17:54:21,click
E01925,C0476,Home,2025-06-02 17:13:10,view
E01926,C0647,,2025-04-30 16:04:51,view
E01927,C0677,Search,2024-11-27 21:31:17,view
E01928,C0131,Checkout,2025-07-16 18:50:40,click
E01929,C0311,Checkout,2025-07-04 05:36:22,add_to_cart
E01930,C0450,Home,2025-11-05 07:33:02,add_to_cart
E01931,C0772,Product,2024-11-30 21:31:30,add_to_cart
E01932,C0811,Checkout,2025-09-26 14:40:13,view
E01933,C0764,Cart,2025-01-02 08:29:51,view
E01934,,Checkout,2025-01-11 04:56:32,purchase
E01935,C0839,Cart,2025-05-07 18:52:08,view
,C0625,Home,2025-05-29 03:28:01,click
E01937,,Cart,2025-05-25 11:12:54,add_to_cart
E01938,C0030,Product,2025-06-12 22:08:58,purchase
E01939,C0247,Cart,2025-05-21 18:25:04,view
E01940,C0140,Product,2024-12-03 21:33:13,add_to_cart
E01941,C0841,Home,2025-11-13 21:07:08,click
E01942,C0610,,2025-09-24 22:59:43,purchase
E01943,C0771,Home,2025-05-19 11:38:33,click
E01944,C0514,Cart,2025-02-12 01:33:49,click
E01945,C0774,Cart,2025-10-26 00:44:56,click
E01946,C0016,Home,2025-05-05 17:25:49,view
E01947,C0774,Checkout,2025-04-09 02:41:54,purchase
E01948,C0957,Product,2025-08-16 18:30:03,view
E01949,C0665,Home,2025-10-16 11:14:39,click
E01950,C0859,Home,2025-10-20 17:06:53,click
E01951,C0020,Home,2025-08-14 10:00:58,purchase
E01952,C0267,Product,2025-09-21 00:21:55,add_to_cart
E01953,C0940,Search,2025-10-03 18:32:26,add_to_cart
E01954,C1000,Checkout,2025-06-12 17:50:33,click
,C0301,,2025-06-18 03:08:57,click
E01956,C0954,Product,2025-10-29 12:08:45,view
E01957,C0081,,2025-06-06 03:20:51,view
E01958,,Cart,2025-10-07 05:12:36,click
E01959,C0177,Cart,2025-02-07 07:48:11,click
E01960,C0578,Checkout,2025-02-03 00:31:48,click
E01961,C0915,Home,2025-02-08 19:05:02,click
E01962,C0854,Checkout,2025-06-09 16:06:58,click
E01963,C0497,Checkout,2024-12-06 06:45:19,view
E01964,C0011,Product,2025-06-07 03:01:14,add_to_cart
,C0228,Checkout,2024-12-10 11:07:04,click
E01966,C0951,Checkout,2024-12-27 15:56:55,purchase
E01967,C0972,Home,2025-05-10 18:01:13,view
E01968,C0821,Product,2025-10-12 21:06:25,click
E01969,C0492,Search,,purchase
E01970,C0332,Home,2025-11-07 13:52:11,click
E01971,C0346,Product,2024-12-19 18:45:37,click
E01972,C0581,Cart,2025-02-09 07:10:20,click
E01973,C0611,Checkout,2025-05-09 13:35:32,view
E01974,C0921,Product,2025-06-03 12:49:52,purchase
,C0276,Checkout,2025-11-16 04:06:55,view
E01976,C0389,Home,2025-04-05 21:44:55,view
E01977,C0305,Cart,2025-03-28 19:17:38,
E01978,C0487,Search,2025-11-01 10:53:23,purchase
E01979,C0505,Home,2025-08-24 01:08:30,view
E01980,C0468,Home,2025-06-27 12:19:12,add_to_cart
E01981,C0219,Search,2025-04-30 19:17:53,
E01982,C0985,Cart,2025-04-24 22:15:48,click
E01983,C0921,Home,2025-02-14 21:39:06,
E01984,C0092,Product,2025-05-07 20:57:19,view
E01985,C0716,Search,2025-07-04 06:05:29,view
E01986,C0558,Search,2025-10-16 11:53:06,purchase
E01987,C0288,Checkout,2025-09-30 23:28:34,
E01988,C0551,Checkout,2025-09-12 06:45:23,add_to_cart
E01989,C0606,Search,2025-02-12 11:55:46,view
E01990,C0951,Cart,2025-05-08 13:31:38,view
,C0925,Checkout,2025-09-13 02:07:58,purchase
E01992,C0238,Cart,2024-12-26 15:43:27,click
E01993,,Checkout,2025-11-15 16:02:32,add_to_cart
E01994,C0139,Product,2025-10-28 02:36:33,click
E01995,C0663,Search,2025-06-17 01:59:47,click
E01996,C0823,Checkout,2025-02-28 18:42:16,purchase
E01997,C0708,Product,2025-05-14 14:06:21,add_to_cart
E01998,C0810,,2025-03-20 08:21:25,add_to_cart
E01999,C0709,Search,2025-01-07 11:08:01,purchase
E02000,C0686,Cart,2025-08-18 09:19:41,
