customer_id,name,region,signup_date,email,phone
C0001,Ashley Miller,North,2023-03-04,kristinnguyen@goodwin-ray.com,9112506769
C0002,Samantha King,South,2022-12-03,pattersonmatthew@pittman.net,9351345629
C0003,Caitlyn King,East,2023-12-27,raven07@yahoo.com,9974625662
C0004,Nicole Perry,West,2025-03-27,rtaylor@montes-lee.biz,9205861481
C0005,David Jackson,North,2023-04-09,nicholas47@yahoo.com,9869259364
C0006,Brandon Cooper,North,2023-06-26,rosspaula@cross.com,9891932555
C0007,Cynthia Mooney,West,2023-07-08,wscott@hotmail.com,9367152865
C0008,Johnny Neal,East,2025-06-24,,9700559359
C0009,Robert Lamb,West,2024-04-28,anthonyflores@strong.com,9711194079
C0010,Dana Davis,North,2024-04-01,,9942332995
C0011,,North,2023-01-01,mgraves@jones.com,9794623324
C0012,Carrie Barron,South,2023-09-09,brittany04@hotmail.com,9497768593
C0013,Allison Rojas,South,2024-07-23,johnsonmichael@hotmail.com,9558630348
C0014,Jose Proctor,North,2023-12-26,,9411360794
C0015,Juan Wagner,,2024-04-23,christopherhill@mendoza.com,9870447716
C0016,Amy Campbell,West,2025-04-08,carrrobert@gmail.com,9892360943
C0017,,North,2025-03-30,phillipstimothy@delgado.com,9124887752
C0018,Sean Martinez,South,2025-04-23,jonathan60@yahoo.com,9997558828
C0019,Timothy Johnson,South,2025-08-07,olsonluis@gmail.com,9645012264
C0020,Jeremy Cook,West,2025-01-19,emily84@hotmail.com,9797303296
C0021,,South,,xchandler@hotmail.com,9443541229
C0022,Jennifer Suarez,South,2023-08-05,rodriguezdavid@yahoo.com,9437092516
C0023,Jason Crawford,East,2025-01-23,drewmcguire@yahoo.com,9846907981
C0024,Michael Watkins,North,2022-11-21,michael98@drake.net,9791139876
C0025,Clayton Schwartz,North,2023-02-05,william31@gmail.com,9159638682
C0026,Zachary Ruiz,South,2023-07-15,rhonda34@heath.com,9296503495
C0027,Dan Bond,North,2023-09-28,patriciajohns@thomas.org,9447190589
C0028,Sara Love,South,,abigailadams@gmail.com,9568788029
C0029,William Davis,South,2023-09-09,matthew61@hotmail.com,
C0030,Stephen Henson,North,2023-04-03,kaitlyn48@yahoo.com,
C0031,Lisa Wagner,South,2024-11-17,emiller@yahoo.com,9971769087
C0032,Charles Gibson,East,2023-06-11,drew21@gmail.com,9828057619
C0033,James Phillips,East,2023-02-27,torrestyler@yahoo.com,9691000140
C0034,Monique Brown,North,2025-08-14,alexandria30@hotmail.com,9255897088
C0035,Sarah Gomez,South,2025-01-30,fletcherryan@yahoo.com,9927150254
C0036,Eric Castillo,South,2023-02-03,alyssa61@yahoo.com,9859393374
C0037,Michael Mccoy,North,2025-08-22,tcarlson@yahoo.com,9695376127
C0038,Craig Wright,West,2024-07-04,michael77@gmail.com,9704412946
C0039,Terri Dyer,South,2025-10-04,nicholaslawson@hotmail.com,9520904889
C0040,Anita Roberts,North,2025-10-12,annathornton@gmail.com,9700097818
C0041,Erin Fleming,West,2025-08-25,vmyers@bowman-ramirez.com,9337753780
C0042,George Branch,South,2025-05-23,pricesamantha@hamilton.com,9818089083
C0043,Jennifer Johnson,East,2025-05-06,vaughnapril@hodge-holmes.info,9828569527
C0044,Joe Thompson,West,2025-06-14,jasonbishop@moore.net,9220424941
C0045,Carla Lamb,South,2023-11-06,paul35@hotmail.com,9872615850
C0046,Nathan Kennedy,South,2023-10-31,lynnschultz@gmail.com,9198660104
C0047,Ryan Johnson,West,2023-06-23,,9835173247
C0048,Jessica Neal,North,2024-07-13,jorgekelley@hotmail.com,9203904794
C0049,Cheyenne Rose,North,2024-03-26,fsmith@hotmail.com,9447382749
C0050,Michael Wolfe,North,2022-12-24,daniel33@gmail.com,9389240276
C0051,Terry Delgado,West,2024-02-29,riverajason@gmail.com,9847036615
C0052,Chris Newman,East,2024-07-12,jeffreytaylor@krause-woods.net,9492451332
,Vincent Salinas,North,2025-11-01,,9433433267
C0054,Amanda Diaz,South,2023-03-12,anthonywhite@yahoo.com,9528263695
C0055,Kathleen Mccoy,East,2023-11-23,johnny09@hotmail.com,9318999531
C0056,Ricky Jones,North,2025-06-10,millerjamie@gmail.com,9142271545
C0057,Philip Chan,West,2023-09-04,,9400010021
C0058,Eric Golden,North,2023-01-27,dennis58@hotmail.com,9112461376
C0059,Taylor Lucero,South,2023-12-12,bfloyd@yahoo.com,9982720100
C0060,Alejandro Hill,West,2025-06-06,xperez@young.info,9709050793
C0061,Kathryn Moreno,West,2025-11-05,gwendolynvillarreal@martin-arnold.net,9345918358
C0062,,North,2024-09-07,melissamartinez@miller.com,9297148736
C0063,Megan Travis,,2024-07-21,loriholland@gmail.com,9243804501
C0064,Fernando Castro,South,2025-08-22,mpatel@brown-williams.com,
C0065,Kimberly Wolf,North,2024-09-07,adam56@vasquez.info,9591619833
C0066,Heather Dixon,,2024-08-12,kendrabrown@hotmail.com,9867160316
C0067,Natasha Patrick,East,2024-02-14,ashley45@edwards-barber.com,9987847341
C0068,Emma Brown,,2024-07-12,carrienguyen@travis-richardson.com,9690062323
C0069,Diana Johnson,South,2024-01-01,aguirrekyle@harris-williams.com,9129084556
C0070,Benjamin Garrison,North,2025-07-02,kellydavid@gmail.com,9731744116
C0071,Olivia Gomez,North,2025-10-21,thompsongina@hotmail.com,9353423714
C0072,Steve Gonzalez,South,2023-04-20,mariehorn@mendoza.biz,9152381789
C0073,Kevin Jones,South,2025-10-16,garygibson@jones-martinez.org,9463078205
C0074,Sara Boone,West,2023-09-10,martin29@wall-hays.com,9767156829
C0075,Scott Salinas,South,2023-08-10,hhancock@rice-jones.org,
C0076,Melissa Phillips,East,2023-01-02,ble@barrera-pierce.com,9566827312
C0077,Brian Gomez,East,2024-11-19,teresa21@gmail.com,9993145908
C0078,,North,2023-07-26,scott14@davis.com,9572663109
C0079,Xavier Nunez,South,,bwilson@gmail.com,9334332598
C0080,Thomas Jackson,North,2024-03-19,acostatracy@hotmail.com,9517477237
C0081,Brenda Pierce,East,,morganphillips@walker.com,9288515463
C0082,Mark Gutierrez,North,,padillatonya@jacobs.com,9832237783
C0083,Marilyn Green,East,2024-11-27,paulnewman@stewart.com,9509444650
C0084,Julia Henry,East,2023-03-06,kpatterson@gmail.com,9840709243
C0085,,West,2023-08-30,raymark@yahoo.com,
C0086,Alan Gonzalez,East,2025-02-19,michael16@mitchell.com,
C0087,Patrick Salinas,,2023-07-16,kennethmeadows@stevens.com,9698686825
C0088,Judith White,East,2023-03-11,sarah02@hawkins.org,9551259799
C0089,Terry Smith,North,2023-09-30,bradhill@howell.com,
C0090,David Kim,South,2025-10-20,jennifer67@hotmail.com,
,Roy Miller,East,2025-01-03,benjaminclay@gmail.com,9931120161
,Crystal Hoffman,North,2024-05-24,cory87@rice.com,9672556947
C0093,David Reid,East,2024-11-24,nancy76@yahoo.com,9133019411
C0094,Jane Coleman,North,2025-09-02,ramosrobert@fisher.net,9335518111
C0095,Jesse Fowler,North,2023-12-19,shane10@bowen.com,9726485967
C0096,Madison Rodriguez,East,2025-06-10,timothy71@yahoo.com,9230848067
C0097,,South,2024-06-22,brentadkins@gmail.com,9996012511
C0098,James English,,2025-03-01,michael19@yahoo.com,9164803795
C0099,Robert Jackson,East,2025-11-17,kirk16@yahoo.com,9244286948
C0100,Martin Cole,West,2023-05-31,bakercarla@green-barnett.com,9646230935
C0101,Tracy Adams,South,2025-07-25,mauricehenderson@hotmail.com,9329560618
C0102,Ruben Ware,East,2023-08-02,melissadawson@gmail.com,9906837496
C0103,Brittany Washington,North,2023-10-02,destinystevenson@yahoo.com,9954115972
C0104,Melissa Benton,East,2025-03-07,ltorres@hotmail.com,9608827329
C0105,Brian Hopkins,North,2024-06-07,osmith@gmail.com,9807621126
,Karen Schmidt,East,2024-01-24,davidallen@yahoo.com,9694134798
C0107,Diana Miles,North,2024-07-26,mayojulia@yahoo.com,
C0108,,South,2025-03-29,lopezlaura@yahoo.com,9420000114
C0109,Jared Perez,East,2024-03-05,georgerose@spencer.com,9690602816
,Ryan Moreno,South,2023-08-28,matthew62@yahoo.com,9414859415
C0111,Hannah Harrell,East,2023-05-23,igrant@gmail.com,9804529298
C0112,Antonio Wood,West,2023-01-11,nicole77@reyes.info,9135746889
C0113,Summer Daugherty,North,2024-02-13,alyssa03@yahoo.com,9126795326
C0114,Jennifer Copeland,East,2023-08-01,michael25@gmail.com,9758743041
C0115,,North,2025-04-11,wesleyshaw@powers.com,9420495037
C0116,Tom Adams,West,2024-09-02,jamesrojas@gmail.com,9343809570
C0117,James Shea,West,2024-02-05,george55@hotmail.com,9955520095
C0118,Michelle Smith,North,,kleinbeth@yahoo.com,
C0119,Melissa Higgins,East,2024-07-02,paul77@hotmail.com,9807649064
C0120,Micheal Bruce,North,2024-03-12,matthew84@hotmail.com,9420818720
C0121,Tamara Armstrong,,,btaylor@white.com,9736091041
C0122,Christian Thompson,North,2025-01-31,john18@chaney.com,9905275540
C0123,John Davis,South,2024-04-29,lsmith@mathews-robinson.org,9327890035
C0124,Todd Cross,North,2023-06-15,obriencrystal@hotmail.com,9681973803
C0125,Daniel Bowen,South,2024-08-10,gabrielbutler@lewis.com,9434818116
C0126,Donald Smith,East,2024-02-18,daltonhansen@hotmail.com,9627546632
,Mark Jordan,East,2024-05-20,cjones@gmail.com,9968607976
C0128,,East,2025-04-23,xadams@garrett.com,9329676787
C0129,Michelle Carter,South,2025-08-02,chad01@hotmail.com,9680233378
C0130,Dana Walker,South,,martinezandrew@hoffman.com,9990908886
C0131,Matthew Ayers,East,2023-09-01,david43@gmail.com,9612820155
C0132,Danielle Powell DDS,West,2023-12-11,spencecarrie@hotmail.com,9742733944
,Jeffrey Sandoval,East,,chavezbrandi@roth.info,9968879478
C0134,Melinda Mcbride,West,2024-05-27,kimberlyberry@hotmail.com,9262577290
C0135,David Mccullough,East,2024-12-12,xbeck@hotmail.com,9602477197
C0136,Nicole Savage,South,2024-11-06,kimberlybishop@gmail.com,9496133530
C0137,Melanie Hood,North,2024-08-08,yhall@rowland.com,9606227309
C0138,Kelly Wall,South,2023-09-06,stonestephen@macdonald.com,9178920533
C0139,Austin Meyer DVM,,2025-04-29,stewartdeborah@hotmail.com,9601886783
,Matthew Thomas,North,2025-02-12,davidmendez@gmail.com,9712187209
,Theresa Armstrong,North,2025-08-09,nicholstodd@gmail.com,9776970573
,Maria Keller MD,South,2023-02-22,hbrady@clark.com,9662661783
C0143,Kenneth Pierce,South,2023-01-01,qrussell@gmail.com,
C0144,Alison Harris,East,2025-10-30,theresagray@hotmail.com,9738635388
C0145,Kristin Morales,South,2025-06-26,jeffrey19@jones-martin.info,9943431049
C0146,Lisa Freeman,West,2022-11-27,kstevenson@steele.com,9240323818
C0147,Crystal Santos,North,2024-01-31,jason96@mcclain.info,9120007492
C0148,William Lee,North,,rachel12@williamson.org,9305403279
C0149,Amanda Hall,East,2024-12-09,michael70@hotmail.com,9724383590
C0150,Sara Cobb,South,2024-08-13,john78@gmail.com,9375081223
C0151,Debra Johnson,West,2024-01-27,matthewtaylor@stewart.com,
C0152,Tina Smith,North,2023-04-25,james25@thomas-shea.org,9699597167
C0153,Louis Swanson,East,2025-01-02,mrobinson@bowman.com,9210784211
C0154,Tanner Poole,West,2022-12-15,,
C0155,Bonnie Oliver,,2023-08-05,michael37@cook.com,9193869221
C0156,Kimberly Petersen,East,2025-08-12,,9517967659
C0157,Rebecca Becker,West,,kenneth18@daugherty.com,9756889900
C0158,Anna Lee,West,2025-09-17,jennifer91@gmail.com,9690707935
C0159,Kimberly Calderon,West,2023-05-27,floresbriana@mccall.com,9700784620
,Nicholas Meyers,West,2025-05-18,josephgould@beck-williams.net,9344577525
C0161,Timothy Russo,,2023-03-22,douglas61@tucker.com,9186357190
C0162,Dustin Rhodes,South,2025-11-08,davisangel@carroll.com,9568255036
C0163,Heather Taylor,West,2023-03-07,paulcardenas@cantrell.org,9890618650
C0164,Eric Pugh,West,,rhondawhite@hill.info,9448156985
,Paul Morales,East,2023-12-07,tevans@yahoo.com,
C0166,Rachel Hanson,South,2023-01-26,,9618150733
C0167,Sandra Sweeney,West,2023-04-20,laura97@miller-terry.biz,9924892082
C0168,Michael Nash,South,2024-05-09,,9694122522
C0169,Diana Walker,South,2023-05-07,scottconnie@yahoo.com,9501578835
C0170,William Mcdonald,North,2023-06-23,cynthia16@thomas-david.com,9478232617
C0171,Jacqueline Daniel,West,2023-08-14,nicoleburns@taylor.com,9336349485
C0172,Kevin Williams,South,2024-03-16,frances11@gmail.com,9966152419
C0173,Justin Craig,East,2024-01-01,dixonjanice@yahoo.com,9888658370
C0174,Nicole Wiley,North,2025-08-03,clarksean@hotmail.com,9189519986
C0175,Ashley Ashley,North,2023-02-12,markpugh@yahoo.com,9584226308
C0176,Cheryl Allen,South,2025-04-23,patricia18@neal.org,9678842223
,Kevin Howard,West,2023-03-08,navarromichelle@martinez.com,9573630869
C0178,Joel Tucker,West,2025-01-20,matthewsloan@parker.net,9787079649
C0179,Richard Gilbert,West,2024-09-09,,9519745251
,Benjamin Price,East,2022-12-13,jamessaunders@yahoo.com,9825182700
C0181,Samuel Smith,East,2025-06-17,barkerluis@hotmail.com,
C0182,,North,2022-11-23,downsjohn@herrera.net,9398062887
,Cesar Lambert,East,,jbrown@gmail.com,9955570985
C0184,Michelle Rasmussen,West,2025-03-04,vsanders@maldonado-ramos.com,9195187235
C0185,Kathy Cross,South,2024-09-02,,9928465662
C0186,Christopher Knight DVM,West,2025-11-13,nwebb@griffin.org,9320837147
,Nicole Fox,North,2024-12-06,leonjasmine@hotmail.com,9510284429
C0188,Kenneth Daniel,East,2025-06-20,vlove@thompson.com,9863807209
C0189,,South,2024-05-18,victortate@hale.com,9207923863
C0190,Jackie Cruz,North,,markjohnson@gmail.com,9542182189
,Patricia Diaz,,2023-01-06,kathy17@yahoo.com,
C0192,Tracey Green,North,2025-03-12,martinkyle@sandoval.com,9797178616
C0193,Joshua Lawrence,North,2023-12-25,cindymcdonald@brown.com,
C0194,Patrick Peterson,East,2023-10-29,kelly81@gmail.com,9961346919
C0195,Richard Humphrey DDS,West,2025-07-26,ashley87@thompson.com,9641250477
C0196,Kevin Rodriguez,West,2023-12-15,,9440787521
C0197,Samantha Walker,North,2023-03-25,tchang@carson.com,9416356821
C0198,Sharon Santos,West,,rscott@hotmail.com,9963899084
C0199,Lindsay Boyd,East,2024-10-30,hannah16@daniel.com,9227383904
C0200,Sarah Cruz,North,2023-01-20,annjenkins@yahoo.com,9572936421
C0201,Jeffrey Stewart,East,2023-07-13,thompsonsandra@hotmail.com,
C0202,Michelle Swanson,,2024-05-19,clarkjames@gilbert-hughes.org,9794395557
C0203,,South,2023-11-10,joshuavaughn@lutz-padilla.com,9504103437
C0204,Eric Mueller,South,2023-12-11,tonyajones@hotmail.com,9508154025
C0205,James Fritz,North,2023-12-28,tvasquez@hotmail.com,9710517214
C0206,Rachel Hall,West,2024-06-17,,9997601885
C0207,John Dunlap,,2023-01-06,,9250102095
C0208,Christopher Fischer,West,2023-06-13,ssmith@jimenez.com,9474564070
,,North,2025-09-23,manneric@yahoo.com,9339043626
C0210,Michael Harvey,South,2023-07-16,qfox@anderson-long.com,9887014277
,James King MD,North,2025-02-04,novakjennifer@hotmail.com,9296633634
C0212,Rebecca Pennington,,2023-04-25,brandonwalter@hotmail.com,9923848438
C0213,,South,2025-04-30,sgray@hotmail.com,9466821751
C0214,Judith Andrews,South,2023-07-27,,9227673657
C0215,Todd Nguyen,North,2024-03-16,kathleenday@yahoo.com,
C0216,,,2024-04-28,marshalljasmin@yahoo.com,9682745591
C0217,Thomas Lopez,North,2023-05-25,michael50@yahoo.com,9769614446
C0218,Michael Olson,West,2024-09-23,nicholegardner@gmail.com,9294642301
C0219,Daniel Thomas,,2025-11-08,wendy80@wood-williams.net,9490039607
C0220,Carla Whitaker,North,2023-04-22,johnsonamanda@villanueva.com,9733009198
C0221,Angela Marquez,West,2022-12-15,speterson@gmail.com,9839017599
,Courtney Stone,South,2025-01-22,richardhall@hotmail.com,9682697750
C0223,Heather Martinez,East,2024-06-26,wjacobs@hotmail.com,9778665793
C0224,Karen Irwin,North,2025-06-20,candice43@jones.org,9833585816
C0225,Gregory Green,North,2023-10-06,donald68@gmail.com,9647048241
C0226,Madeline Lopez,West,2022-12-01,johnsonandrea@gmail.com,9188158945
C0227,William Rollins,North,2024-03-31,robinsonlisa@estes-nguyen.biz,9584458291
C0228,,West,2023-02-19,hsullivan@campbell.com,9451565137
C0229,Michael Wilson,South,2023-10-06,hoffmandaniel@gmail.com,9821587863
C0230,James Harris,West,2024-11-25,victorortega@hotmail.com,9393679492
C0231,Todd Jimenez,North,2024-02-11,umaxwell@herman.com,9274342140
C0232,Suzanne Morgan,South,2024-12-02,zcross@thomas.com,9951744427
C0233,,South,2024-09-07,brianhernandez@yahoo.com,9115747639
C0234,Richard Welch,,,stephanieholden@yahoo.com,9519754517
C0235,Jermaine Potts,North,2022-11-18,contrerasstephanie@yahoo.com,9242323286
C0236,Kaitlin Wilson,South,2025-09-17,gkennedy@nelson-hall.com,9776828356
C0237,Erica Andrews,West,2024-11-29,whuber@sexton.org,9177977203
C0238,Eric Hughes,East,2023-11-10,christopherchristensen@yahoo.com,9891741744
C0239,David Rodgers,East,2024-02-07,chrisgay@hotmail.com,9710005353
C0240,Tricia Chen,North,2023-08-27,stephenjohnson@ramos.com,
C0241,Terry Brandt,North,2023-01-29,robertkoch@johnson-meza.org,9443384904
,Aaron Webb,West,2025-04-13,samuelhoward@durham.com,9352425605
C0243,Dr. Eric Griffin,West,2023-09-25,hallbill@pena.com,9555069198
C0244,James Hernandez,West,2024-04-13,,9717666888
C0245,Linda Morris,North,,zcastillo@yahoo.com,9757564856
,Mckenzie Guzman,,2024-09-18,,9846082527
C0247,Brian Donovan,North,2024-11-12,susanburnett@baker-frazier.com,9774986878
C0248,Courtney Reynolds,South,2024-07-13,,9895946802
C0249,Elizabeth Kline,West,2022-12-21,harringtonjoseph@hotmail.com,9232130724
C0250,Anne Lane,West,2025-04-16,gconner@benton-kemp.com,9261667552
C0251,Thomas English,East,2024-04-25,lisahartman@lutz.com,9850214241
C0252,James Anderson,East,2024-01-01,,9306017002
C0253,Courtney Gallagher,North,2025-10-09,eric01@gmail.com,9869781184
C0254,Ellen Gaines,East,2024-02-14,,9914228433
C0255,Jeremy Lewis,South,2023-02-10,ellisonsheena@wilson-martinez.net,9106216751
C0256,Jason Green,East,,martin09@drake.com,9829818590
C0257,Brandon Gay,North,2024-05-29,angelapotts@best.com,
C0258,Elizabeth George,North,2023-12-29,daviddavis@hernandez.com,
C0259,Lisa Carlson,East,,rogermccarty@barrett-castillo.com,9216448816
C0260,Aaron Kim,South,2025-05-18,barbaracopeland@hotmail.com,9863032707
C0261,Robert Mcbride,West,2024-11-08,stewartandrew@gmail.com,9251227919
C0262,Chris Parker,East,,belladam@lambert.biz,9667696492
C0263,John Snyder,North,2025-03-04,derek97@gmail.com,9576301614
C0264,Emily Wilcox,West,2024-10-30,henryjohnson@flores-wallace.com,9908765783
,Katherine Page,South,2023-03-16,hoganharry@hotmail.com,9483253059
C0266,Donna Hunter,North,2023-08-17,jonesjacqueline@frank-bates.com,9767145075
C0267,Matthew Valdez,East,2023-12-27,jeffreywilliams@owens.net,9801814634
C0268,Terri Elliott,,2022-12-29,leah56@davenport.org,9995510218
C0269,,East,2023-05-21,duane69@hotmail.com,9739854558
,Deborah Wilson,North,2025-04-13,angela00@hotmail.com,
C0271,,North,2024-06-20,johnsonjohn@rios-becker.com,9602502062
C0272,Jason Robbins,West,2023-12-09,christian14@yahoo.com,9684064335
C0273,Jessica Martin,South,2022-11-25,,9317159406
C0274,Kimberly Greene,North,2023-12-24,ronald06@perez-walker.org,9604150127
C0275,,East,2024-02-01,howardgreen@morse.com,9190987548
C0276,Kimberly Torres,West,,akane@yahoo.com,9559293997
C0277,,North,2025-01-31,victoriabailey@hotmail.com,9679997260
C0278,Dakota Johnson,South,2025-02-16,nathan27@coleman.com,9976610385
C0279,Christina Haynes,East,2025-04-22,angela52@gmail.com,9138697823
C0280,Russell Tyler,South,2024-09-25,loganfarrell@gmail.com,9211185774
C0281,Michael Burns,South,2023-10-30,tcollins@griffith.com,9777899460
C0282,Jonathan James,South,2024-02-09,dwells@yahoo.com,9374823566
C0283,Jeffery Robinson,South,2025-06-06,hurleyjenna@castaneda.com,9657183416
C0284,Sharon Jackson,North,2025-04-11,bennettkathleen@yahoo.com,9469887658
C0285,Brandy King,North,2023-10-09,tbruce@yahoo.com,9767723591
C0286,Sarah Bell,North,2025-03-24,carriewallace@gmail.com,
C0287,Andrea Williams,North,2023-06-10,rileycolleen@yahoo.com,9108888995
C0288,Alicia Guzman,East,2023-07-15,rebeccagarcia@shea-graham.com,9527805691
C0289,Michael Clark,North,2024-10-17,rachelblanchard@yahoo.com,9251238899
C0290,,East,2023-07-05,znelson@salinas-brown.org,9999977812
C0291,Caitlyn Jones,West,2023-10-06,stephanieboone@yahoo.com,9373324478
,Nicholas Valdez,,2025-09-26,ramirezwilliam@gmail.com,
,Nathan Yoder,North,2023-12-26,kkeller@yahoo.com,9469393844
C0294,Lisa Williams,South,2023-06-30,micheal86@yahoo.com,9631254674
C0295,Laurie Wise,East,2023-03-13,ashleywilkins@gmail.com,9946782059
C0296,Isaac Logan,West,2025-10-21,wcastaneda@hotmail.com,9839697721
C0297,William Melton,South,2024-01-27,lindachaney@gmail.com,9738161738
C0298,Molly Huff,East,2024-10-07,uburns@norton.com,9460371994
C0299,Kristina Anderson,North,2023-05-15,joan05@wright.com,9380446838
C0300,William Mcdowell,East,2023-11-06,kathleen30@gmail.com,9324961435
C0301,Bryan Horn,West,2023-04-24,vbuchanan@johnson-ortiz.com,9125492249
,Andrew Brown,South,,marissagarcia@gmail.com,9547697254
C0303,Sarah Hernandez,West,2024-04-02,qdoyle@saunders.biz,9744864822
C0304,Tammy Greene DDS,West,2024-01-26,colemankelly@white.info,9790605935
C0305,,South,2023-10-01,xcoleman@gillespie.com,9191242597
C0306,Michael Wood,North,2022-12-19,palmertammy@hotmail.com,9108236751
C0307,Jessica Knight,,2023-10-16,sethbenitez@hotmail.com,9159153235
,Stephanie Holloway,South,,lozanomatthew@boyd.com,9109620969
C0309,Christopher Banks,West,2025-11-12,ericharris@ware.com,9307047956
C0310,Jeremiah Diaz,East,2025-09-22,erin60@aguilar.net,9185160893
C0311,Robert Jackson,North,2023-01-11,mathistraci@durham.info,9684567741
C0312,Scott Sharp,North,2025-02-01,davidjames@mitchell-lynch.com,9601181617
C0313,Charles Kelley,South,2024-04-20,,9394926551
C0314,Mercedes Moreno,South,2023-11-13,bhansen@wright.com,9844562084
C0315,James Haynes,South,2024-04-08,crystal51@gmail.com,9475554840
C0316,Clifford Sanders,South,2023-11-19,phunt@gmail.com,9411211837
,Jason Holmes,,2023-03-23,jonathan00@gmail.com,9242063300
C0318,Mary Palmer,West,2023-04-07,mkent@chen.info,9865498232
C0319,Dr. Brian Wright,West,2024-11-10,copelandmadison@holmes-alexander.net,9854019271
C0320,Matthew Fuentes,West,2023-11-15,smithmelissa@gmail.com,9124739507
C0321,Michael Dorsey,East,2025-05-18,rsmith@hotmail.com,9761418330
C0322,Jason Orr,South,2025-04-15,michelle79@elliott-munoz.com,9952554085
C0323,Matthew Ball,East,2023-02-17,ubarnes@yahoo.com,9896032340
C0324,James Perez,West,2023-11-06,angela45@bryant-holt.com,9702148111
C0325,Lauren Jones,North,2023-12-29,barkerbrian@lopez.info,9497854157
C0326,Jessica Gray,East,2025-11-06,schmidtmichael@yahoo.com,9316112033
C0327,George Brewer,South,,,9404856676
C0328,Jimmy King,South,2023-09-09,mwoods@gmail.com,9352369711
C0329,Chad Flores,,2023-05-23,hreed@baker.com,
C0330,Lisa Gonzales,,2023-03-14,anagordon@hotmail.com,9887686473
C0331,Kevin Cohen,East,,christopherramirez@gmail.com,9293223017
C0332,Patrick Hernandez,South,2024-05-14,garrisonronald@hotmail.com,9525523775
C0333,Matthew Smith,North,2024-05-13,qellis@hart.com,9436778429
C0334,Amber Bullock,South,2024-08-29,cbryant@patrick.com,
C0335,Frank Rocha,North,2025-01-16,isaiah93@bishop-herman.net,9920528458
C0336,Adrian Sparks,North,2023-07-10,rsanchez@riley.com,9426016878
C0337,,West,2025-06-26,,9558473368
C0338,Richard Wright,North,2025-09-03,ybarnes@gmail.com,9486387476
C0339,,,2025-08-13,tina55@gmail.com,9514711264
C0340,Scott Black,South,2024-05-09,joseph50@clark-harrison.net,9590873437
C0341,Kelly Schmidt,West,2024-03-28,dgarcia@yahoo.com,9144653628
,Joseph Warren,West,,larry51@yahoo.com,9205066709
C0343,Trevor Edwards,West,2023-09-27,gregory89@young.biz,9175940530
C0344,Jessica Lynch,North,2023-09-17,robert59@yahoo.com,9291442944
C0345,Jimmy Gonzalez DDS,East,2024-09-06,jimenezdebra@conley-smith.com,9850224602
C0346,Robert Collins,,2023-04-02,jenningslorraine@jimenez-bailey.org,9895612240
,Alexandria Benton,East,,mgraves@rogers.com,9604832122
C0348,Timothy Mcpherson,East,2025-08-30,jill00@gmail.com,9421447087
C0349,Jennifer Morgan,South,2025-10-15,fstewart@swanson.com,9890419491
C0350,Rachel Howard,East,2023-10-08,simmonsryan@yahoo.com,9381426909
C0351,Joseph Palmer,South,2025-05-16,ajohnston@gmail.com,9363063789
C0352,Anthony Barton,North,2023-03-02,matthew96@hotmail.com,9210761470
C0353,Jon Hunter,South,2024-03-10,theresabeasley@swanson.info,9545603823
C0354,Mark Shaw,West,2023-05-12,morenorobert@welch.biz,9648475934
C0355,,West,2023-07-20,johnsondavid@clark.com,9925725324
C0356,,North,2024-09-04,allenmichelle@hotmail.com,9779741295
C0357,Amanda White,East,2025-06-22,,9685855417
C0358,Roy Williams,West,2024-11-16,blackdaniel@white.com,9123922487
C0359,Ashley Osborne,South,2025-07-27,kevinjenkins@yahoo.com,9960064376
C0360,Christopher Anderson,West,2023-12-13,jennifer93@gmail.com,9589842967
C0361,Renee Scott,West,2024-05-19,,9384240570
C0362,Bobby Pena,West,2023-04-19,maureencook@anderson.com,9600370636
C0363,Jonathan Ellis,South,2025-10-09,mholden@king.com,9559188143
C0364,Jessica Black,South,2024-07-04,wcook@smith-webb.org,9355730722
,Kelly Jones,North,,michaelvalenzuela@yahoo.com,9386205280
C0366,Brandon Newton,North,2025-01-04,wadeshelby@gmail.com,9156846903
C0367,Jeffrey Contreras,South,2024-07-21,nathaniel48@mann.com,9707546711
C0368,Amanda Acosta,East,2024-12-04,aguirreapril@hotmail.com,9407633097
C0369,Anthony Reyes,North,2024-01-16,annepoole@hotmail.com,
C0370,Debbie Guerrero,West,2025-10-14,johnsonjamie@gutierrez.info,9448810880
C0371,Gabriel Brooks,East,2024-06-18,idavis@hoffman.com,9468711954
C0372,Jacqueline Barnett,West,2022-11-27,,
C0373,Jennifer King,North,2025-07-02,foxbrandy@hotmail.com,9259463026
,Laura Huffman MD,South,2023-02-28,bettywilson@yahoo.com,9768634014
C0375,Tammy Johnson,West,2024-04-03,carlamartin@yahoo.com,9643175629
C0376,Christopher Miller,West,2023-05-09,emarshall@yahoo.com,9727895605
C0377,Lisa Hall,East,2022-12-21,andrea84@watson.net,9874173585
,Martha Cooper,West,2025-01-27,cswanson@walker.org,9918386960
C0379,,North,2025-08-19,,9350466931
C0380,Sarah Nicholson,East,2025-06-09,carrielawrence@hotmail.com,9933921123
C0381,Melissa Carter,West,2024-04-16,james74@howard.com,9250050107
C0382,Elizabeth Meyer,South,2025-10-20,cunninghamshane@gmail.com,9966063276
C0383,Michael Bowen,North,,iking@gmail.com,9942794520
C0384,Melissa Rodriguez,North,2025-03-12,barbararichards@gmail.com,9247283843
C0385,Courtney Johnson,North,2024-01-17,weavernicholas@hotmail.com,9881622357
C0386,Joshua Allen,West,,christopherpayne@gmail.com,9754447751
C0387,Leon Vega,West,,kingveronica@woods.biz,9240117312
C0388,Rebecca Bennett,North,2023-04-22,vharrington@rivera.net,9630831772
C0389,Samantha Williams,North,2024-03-28,kellyking@carey.com,9122005024
C0390,John Fox,East,2023-01-31,christopherdaniels@donovan-kemp.com,
C0391,Jason Mitchell,,2023-12-22,nicholascarroll@yahoo.com,9552294503
,Roberta Owen,East,2023-01-30,ianmartin@yahoo.com,9348957089
C0393,Marcus Simmons MD,North,2025-07-29,anthony29@hotmail.com,9977853784
C0394,Vanessa Gomez,South,2023-04-19,gutierrezjessica@munoz.net,9147046307
C0395,Cory Gibbs,East,2025-04-17,gfernandez@cole-lewis.com,9394665910
C0396,Trevor Schmitt,West,2025-05-24,thompsonhunter@yahoo.com,9802672133
C0397,Mark Wolf,West,2024-08-19,jtownsend@hotmail.com,9900196945
C0398,Mr. Daryl Williamson,,2023-01-30,ihaynes@fox.com,9738776266
C0399,Ashley Brown,South,,jaclynparker@yahoo.com,9197230620
C0400,Morgan Mckenzie,West,2025-05-15,veronica52@gmail.com,9561620086
C0401,Teresa Kerr,East,2023-03-10,gregorykennedy@hotmail.com,9506545022
C0402,,South,,rmiller@walker-clark.biz,9480856706
C0403,John Wilson,West,,,9910726312
C0404,Lauren Morales,South,2025-06-17,tanya95@hotmail.com,9769840508
C0405,Kyle Krueger,South,2024-06-29,iwells@hammond-daugherty.com,
C0406,Christopher Castillo,South,2023-09-07,edwardsandrea@gmail.com,9148291126
C0407,Margaret Mitchell,West,2023-04-11,,9845096917
C0408,Alisha Smith,North,2023-06-01,russellbenjamin@osborne.com,9824445931
C0409,Jose Gallagher,North,2025-11-03,garnermegan@hotmail.com,9846189371
C0410,Christian Potter,West,2023-03-13,fischermelissa@yahoo.com,9760007511
C0411,Randall Herrera,North,2024-06-06,jerome04@jordan.net,9122989661
C0412,Melanie Harding,South,2024-07-28,nicholasgibbs@hotmail.com,9358284076
C0413,Nicholas Ray,South,2023-09-23,millerjessica@yahoo.com,9625492110
,Shane Harvey,West,2025-08-25,kimberlylowery@yahoo.com,9266874355
C0415,,,2025-03-02,fitzgeraldjeff@garcia.com,9157120556
,Adrienne White,East,,gjohnson@johnson.org,9229873591
C0417,Rachel Vaughn,West,2023-10-02,autumnfowler@clark-jones.net,9420361776
C0418,Jessica Compton,North,2024-01-12,allenmichael@roberson-morgan.com,9334080064
C0419,Mary Bell,South,2023-06-27,mccoyrodney@yahoo.com,9458800227
C0420,,,2023-01-25,tylerhanson@hotmail.com,9481791066
C0421,Mary Sullivan,South,2025-02-09,aadams@chapman-wallace.info,9983799666
C0422,Meredith Garcia,North,2024-11-10,evelyn04@ramirez.info,
C0423,Julie Perkins,East,2024-05-19,rodriguezcaroline@yahoo.com,9785303581
C0424,Justin Hernandez,East,,katie29@freeman-watson.biz,9135420614
C0425,Cameron Ramirez,West,2024-07-16,landryjustin@harris.com,9416807941
,Nicholas Little,East,2023-11-07,eduardo09@hotmail.com,9854608251
C0427,Thomas Jones,East,2025-04-11,amanda61@scott-wilson.com,9199608408
C0428,Jenna Francis,,2025-01-23,wdavis@gmail.com,9454306054
C0429,Jeremy Davenport,North,2023-05-24,leon95@horn.net,9651907583
,Sarah Mcdaniel,West,2025-09-24,pjones@gmail.com,9807991667
C0431,Amanda Fisher,East,,david68@hotmail.com,
C0432,Drew Thompson,,2023-10-02,thomasrebecca@ramirez.com,9206162687
C0433,Charles Bryan,West,2025-07-03,carrollcynthia@yahoo.com,9209277689
C0434,Benjamin Peterson,East,2023-02-02,phillipsdavid@hotmail.com,9886382328
C0435,Steven Cross,North,2023-06-13,annettelee@ellis.com,9770870178
C0436,Kelsey Williams,East,2024-09-05,petersonryan@hotmail.com,9956800866
,Leslie Jones,West,2024-09-08,josephoconnor@gmail.com,9519909739
C0438,Charles Russell,East,2024-07-24,,9671813866
C0439,Sheena Benton,South,2024-10-07,jennifervaughn@yahoo.com,9320926258
C0440,Michael Perry,,2023-04-09,xjohnson@brewer-austin.com,9178121929
C0441,Amanda Schmidt,,2024-08-04,bcooper@gmail.com,9414543745
C0442,Hunter Martinez,East,2023-10-13,tammy97@barrett-wolfe.com,9467384228
C0443,Edward Rodriguez,South,2024-03-09,knighttheresa@martinez.net,9440108413
,Cameron Reynolds,East,2024-10-02,thomas63@gmail.com,9277712383
,Maria Solomon,North,2024-06-25,peter95@hotmail.com,9270769087
C0446,Catherine Campbell DDS,West,2025-11-02,michaelbrown@gmail.com,9244110922
C0447,Kevin Lee,North,,sandersjeffrey@black.com,9413235716
,Brian Klein,South,2025-10-22,arthur62@yahoo.com,9810979595
C0449,Kyle Chung,North,2025-03-07,kaitlyn61@carpenter.com,9326842024
C0450,,North,2024-06-18,jjacobson@gmail.com,9472209936
C0451,Mr. Brian Smith MD,East,2024-12-28,ramirezcynthia@carter.com,
C0452,Matthew Day,North,2023-10-21,bryantwilliam@yahoo.com,9268231310
C0453,Matthew Sawyer,South,2023-10-10,brianna37@gmail.com,9104509608
C0454,Terry Baker,West,2024-02-21,rnguyen@gmail.com,9961005970
C0455,Ashley Wells,South,2023-03-29,victor82@reyes.com,9146488876
C0456,Michael Wyatt,North,2025-06-15,sherrypalmer@walker.org,9240823436
C0457,Kristina Parker,South,2023-12-18,,9481981073
C0458,David Love,East,2025-10-18,christophervillanueva@gmail.com,9109857298
C0459,David Norton,West,,suzanneayala@thomas-wright.biz,9752194578
C0460,Melissa Richards,East,2024-08-02,mmorton@yahoo.com,
,Stephanie Smith,North,,huangstephen@gonzalez.org,9696002116
,Michelle Sanchez,East,2024-12-23,nmills@hart-banks.org,9179207854
C0463,Tiffany Garcia,South,2023-06-04,dcharles@hotmail.com,9903971438
C0464,Kristy Webb,East,2023-10-21,audreycox@hotmail.com,9683614078
C0465,James Rivera,South,2025-08-08,donnarich@benjamin.info,9918009517
C0466,Jordan Joyce,South,2023-02-18,mendozarebecca@barnes-benton.biz,9782623758
C0467,Michelle Herrera,South,2024-04-15,margaretcarlson@gmail.com,9555636509
C0468,Steven Morgan,West,2024-06-29,xallen@chapman-mack.net,9939739439
,Matthew Schwartz,East,2023-01-13,parkertheresa@gmail.com,
C0470,Joshua Brown,South,,,9955108671
C0471,Michelle Horn,West,2024-03-20,tonyking@davis.com,9826064788
C0472,Dana Ross,West,2025-01-25,,9905257454
C0473,Heather Hart,West,2025-09-24,heidi52@yahoo.com,9783235484
C0474,Nichole Gonzales,East,,hopkinsmichael@yahoo.com,9768534873
C0475,,East,,qdennis@yahoo.com,9875763166
C0476,Michelle Peterson,South,2024-01-27,qlee@stein.com,9377145972
C0477,Brianna Khan,East,2023-04-11,afloyd@berry.info,9423721698
C0478,Mark Bryant,West,2023-05-27,jamesbrown@velasquez.biz,9569183210
C0479,Ronald Quinn,East,2024-08-22,amberhamilton@yahoo.com,9596285680
C0480,Michael Murillo,North,2023-09-04,,9474011735
C0481,Mikayla Sandoval,West,2024-01-12,coreypoole@mckinney.com,9819450050
C0482,Kathleen Hickman,East,2023-05-17,sophiagalloway@hotmail.com,9731045111
C0483,Paige Rodriguez,North,2025-04-18,thomas24@roberts.com,9844952986
C0484,Stacy Ward,South,2025-08-02,karen89@yahoo.com,9576656528
C0485,Gregory Peterson,East,2023-03-06,gwood@gmail.com,9387560571
C0486,Laura Jordan,West,2024-06-05,bryan60@mathis-hamilton.com,9830908520
C0487,Tonya Gonzalez,East,,elizabeth37@curtis.biz,9311484290
C0488,Melissa Harris MD,West,2023-12-07,ronaldjames@hill-guerrero.com,9447745911
C0489,Carol Gibson,,2023-02-15,maxwelllopez@gmail.com,9557129198
,Kari Carey,East,2024-09-28,hunterdaniel@miller.com,9858335724
C0491,Haley Dawson,North,2024-07-03,zsullivan@hotmail.com,9871505805
C0492,John Johns,West,2024-11-16,bernardperkins@gmail.com,9496576935
C0493,William Francis,East,2024-12-15,jamesteresa@gmail.com,9611593746
,Carla Andrews,North,2024-08-06,,9492206005
,Rodney Sharp,,2024-09-19,rachel36@johnson-harris.org,9410906288
C0496,Robert Davis,West,2022-12-25,johnwalton@mcbride.com,9257870079
C0497,Frank Watson,West,2023-04-20,brewerashley@chen-serrano.org,9699417251
C0498,Rachel Proctor,South,2023-06-06,adawson@yahoo.com,9925049855
C0499,Susan Quinn,North,2024-01-01,jacob98@gmail.com,9755606926
C0500,Jennifer Pace,West,2025-09-07,pettyzachary@hotmail.com,9545257562
C0501,Jennifer Graves,,2022-12-01,cjefferson@gmail.com,9933997164
C0502,Mrs. Heather Clark,West,2022-12-21,jeffrey66@hotmail.com,9141441177
C0503,Joseph Finley,North,2023-11-12,paulmartinez@munoz.com,9817795288
C0504,Riley Huff,East,2023-06-04,robert37@gmail.com,9268472105
C0505,Ian Gaines,,2025-07-15,tylerwells@yahoo.com,9708495900
C0506,Michael Nelson Jr.,West,2022-12-09,ymartin@velazquez.net,9297355696
C0507,Colleen Flowers,West,,vpacheco@gmail.com,
C0508,Crystal Rojas,North,2023-01-06,rodriguezkatherine@bush-gonzalez.org,9904191426
C0509,Brett Lloyd,East,2024-01-27,elizabeth25@hill.com,
C0510,Brian Willis,East,2024-06-25,,9331539031
C0511,Shelby Smith,North,2023-03-27,nicholas90@carey.com,9257845759
,Cory Smith,North,2023-05-04,grayroger@hotmail.com,9556461058
C0513,David Wilson,West,2022-11-30,bradleyhamilton@hotmail.com,9874070870
C0514,Timothy Conner,South,2025-05-11,tony90@hotmail.com,9742066565
C0515,Charles Mccormick,West,2022-11-22,pdavis@yahoo.com,9813282829
C0516,Mrs. Kaylee Lutz,North,2025-07-26,barneslori@yahoo.com,9302446262
C0517,Michael Brown,West,2025-10-07,mariaporter@gmail.com,9459405311
C0518,Colleen Kelly,West,2025-03-20,eric26@martinez.com,9458201802
C0519,Brandon Taylor,North,2024-01-20,jessica98@gmail.com,9260048016
C0520,,West,2024-05-05,tamarabray@jordan.org,9402993716
C0521,Carrie Hernandez,West,2025-02-11,,9235747626
C0522,,South,2023-10-15,cunninghamjuan@yahoo.com,9109822062
C0523,Curtis Murray,North,2024-04-11,,9312671587
C0524,Jennifer Reed,South,2024-02-14,jeremythompson@gmail.com,9716657653
C0525,William Adams,East,2023-10-26,wrightdavid@hawkins.com,9148278855
C0526,Keith Dalton,North,2025-08-01,dgarcia@roach.com,9604876997
C0527,Leonard Snyder,South,2025-03-03,danielwillis@gonzalez.biz,9352109962
C0528,Lisa Molina,North,2023-02-08,rgarcia@woods.biz,9346605201
C0529,Kevin Sherman,South,2024-05-20,warnerjustin@yahoo.com,9226873480
C0530,Derek Fowler,West,2024-10-12,smithlarry@yahoo.com,
C0531,Melissa Adams,West,2024-05-30,isnyder@gmail.com,9675383562
,Mary Schroeder,East,2023-12-02,amandafleming@flowers.com,9426121237
C0533,Ashley Wagner,East,,alexandra59@potter.com,9910759891
C0534,Leslie Frye,North,2025-02-11,traviscaroline@yahoo.com,9105370430
C0535,Edward Blevins,East,2023-08-06,shawheidi@proctor-hendrix.com,9442421207
C0536,Lance Garcia,North,2025-03-24,,9196458308
C0537,Cynthia Russell,West,2024-05-02,,9600601144
C0538,Elizabeth Swanson,East,2023-11-21,connie54@jones-coffey.info,9868731605
C0539,Nicholas Russo,East,2025-02-19,pdavis@gibson.com,9635054958
C0540,Shannon Mann,West,2024-10-23,leegary@patrick.com,9233012530
C0541,Jerry Wilkerson,East,2024-05-18,longjoshua@ochoa.biz,9795817839
C0542,Travis Johnson,East,2025-05-28,colemansavannah@walsh.net,9177208625
C0543,Sonia Vazquez,West,2024-05-14,kfreeman@contreras.org,9629665271
C0544,Vincent Jacobs,East,2024-01-10,jamesconner@gonzalez.com,9735619127
C0545,Dana Jones,West,2025-08-16,jennifer70@hotmail.com,9369512403
,Travis Brown,West,2025-03-31,ronaldwong@yahoo.com,9310179388
C0547,Michael Richardson DDS,South,2023-06-26,dphelps@peterson-gordon.biz,9807866306
C0548,Megan Paul,South,2024-02-04,joseph87@foster.com,
C0549,Victoria Nguyen,South,2024-02-25,johnunderwood@gmail.com,9714219126
C0550,Lonnie West,North,2023-04-01,sandracox@hotmail.com,9237280615
C0551,Thomas Rogers,West,2023-04-10,monicahenderson@harding.org,9656770308
C0552,Mary Curtis,North,2025-11-07,elizabethjacobs@yahoo.com,9356381405
C0553,Ashley Roberts,West,2024-03-16,,9123938856
C0554,,West,2025-03-17,susangonzalez@porter.com,9538860343
C0555,Angela Clark,South,2023-11-22,millerkara@yahoo.com,9638701650
C0556,Robert Myers,East,2025-01-04,smithjeffery@thompson.net,9544649863
C0557,Darin Nunez,North,2024-07-03,stevenswanson@gmail.com,9375522776
C0558,,West,2023-11-26,roberthughes@yahoo.com,9752340906
C0559,Colton Gonzalez,West,2025-06-08,jared41@gmail.com,9318026153
C0560,Alicia Patel MD,West,2023-05-19,john79@gmail.com,9885407700
C0561,Susan Johnson,West,,,9595197584
C0562,Stephen Chambers,West,2025-04-04,gsmith@hotmail.com,9540249628
C0563,,,2024-10-04,lisagoodman@yahoo.com,9722271866
C0564,Teresa Shelton,South,2024-04-18,rgalvan@yahoo.com,9866795100
C0565,Randall Gallegos,,2023-12-07,caleb66@yoder-green.com,9763585362
C0566,William Jordan,North,2025-09-08,youngbrittany@gmail.com,9522400251
C0567,David Sutton,North,2024-09-24,jeffrey27@gmail.com,9658316944
C0568,Morgan Bryant,East,2023-09-18,amanda92@yahoo.com,9232167730
C0569,Lauren Vargas,North,2024-07-23,kbaker@francis-torres.com,9415827200
C0570,Richard Duarte,North,2024-03-22,harold16@hotmail.com,9273475713
C0571,Karen James,North,2024-10-30,erinsantiago@murray-stephenson.net,9733239502
C0572,Stephanie Gilbert,North,,fcooper@lopez-roberts.com,9928022514
C0573,Deborah Miller,North,2024-10-25,bruce21@arroyo-robinson.info,9431074855
C0574,Amanda Christian,North,2022-11-20,wrichmond@barnes.info,9511428630
C0575,James Edwards,East,2022-12-17,seanhamilton@hotmail.com,9853632846
C0576,Joseph Hicks,South,2025-04-04,james93@crosby.com,9573351524
C0577,Yvette Camacho,North,2025-09-14,dbarker@pham.com,9784788075
C0578,Marcia Anderson,South,2025-05-19,,9733761768
C0579,Justin Rivera,,2023-01-14,,9368937015
C0580,,West,2023-12-09,lamdonald@gmail.com,9843239677
C0581,Tara Ryan,West,2024-10-05,grantamy@knight-decker.biz,9651159948
C0582,,East,2023-06-08,daniellerivera@calderon.info,9599186062
C0583,Martin Potter,,2023-11-24,cpark@hotmail.com,9582107521
C0584,Stephen Graham,North,2022-12-25,christopher44@turner.com,9843294573
C0585,Dr. Lawrence Edwards,North,2025-10-22,,9667772060
C0586,Sarah West,East,,velezdebra@yahoo.com,9216605258
C0587,,South,2025-01-24,dkerr@bailey.net,9312270565
C0588,Ann Li,North,2024-07-25,qsmith@wilkerson.com,
C0589,Alan Mitchell,East,,ucastillo@yahoo.com,9352422036
C0590,Felicia Rowland,West,2024-03-08,nicolebell@smith.com,9209137123
C0591,Lisa Pope,East,2022-12-10,alexanderfuller@freeman.net,9766245768
C0592,Tracy Carroll,West,2024-01-16,morenoashley@hotmail.com,9760666855
C0593,Scott Gomez,West,2024-03-16,ramirezrobin@gmail.com,9312036278
C0594,Renee Malone,East,2023-07-01,davidbenton@yahoo.com,9312554779
C0595,Nicole Sandoval,South,2023-12-17,christopherjohnson@walters-ward.com,9293321216
C0596,Richard Bowen,North,2024-03-13,linda25@yahoo.com,9209508950
C0597,,East,2022-12-10,stephaniefletcher@yahoo.com,
C0598,Sara Smith MD,West,2024-09-20,qmiller@reynolds.org,9334768329
,Anthony Pineda,North,2022-11-27,,9308609452
C0600,Rachael Torres,South,2025-10-01,teresa95@yahoo.com,9988696967
C0601,James Kim,East,2024-08-20,pamelarodriguez@gmail.com,9204897657
C0602,Dean Leon,West,2023-06-21,jenniferjoyce@yahoo.com,9658017622
C0603,Jeffrey Steele,South,2025-10-12,,9932141721
C0604,Jose Mckay,North,2023-05-18,ricebrittney@higgins-mendez.com,9347889477
C0605,Alan Lyons Jr.,North,2025-03-05,lisaguerrero@rodriguez.org,9644856444
C0606,Michael Wilson,West,2023-03-23,kelleymary@hotmail.com,9782898787
C0607,Richard Myers,East,2023-06-03,mikayla21@gmail.com,9668625291
C0608,Linda Lloyd,West,2025-01-12,watsonmatthew@hotmail.com,9162576334
C0609,Dylan Olson,West,,yfaulkner@gmail.com,9260198163
C0610,Elizabeth Hahn,East,2023-08-03,tammy78@salazar.com,9543499040
C0611,Barry Morse,East,2022-12-10,kristen03@gmail.com,9789279550
C0612,Nicole Thompson,West,2024-01-28,kscott@sanchez.com,9108985313
C0613,Andrew Williams,East,2023-06-20,thomasadams@gmail.com,9208026090
C0614,Heather Adams,North,2023-05-24,gcarlson@gmail.com,9510241336
C0615,Mary Martin,South,2022-12-13,htravis@gmail.com,9221811576
,Matthew Williams,West,2025-03-21,carolyn51@yahoo.com,9479301271
C0617,Edward Manning,South,2024-02-03,laura92@yahoo.com,9827967400
C0618,,North,,ericevans@blake-cruz.com,9235629410
C0619,Kevin Leach,South,,david93@montoya.com,9566898981
C0620,Eric Bell,East,2023-01-18,thomas46@yahoo.com,9322560495
C0621,Mark Mckinney,North,2024-05-15,margarethamilton@gmail.com,
C0622,Laura Mcconnell,North,,cristian19@gilmore.org,9220262723
C0623,,West,,brianna64@gmail.com,9650433796
C0624,Kenneth Martinez,East,2023-06-10,andersontracy@yahoo.com,9291017262
C0625,Lisa Wilkerson,South,2023-03-19,james37@farrell-edwards.net,9546800067
C0626,Kelly Middleton,East,,brendaoliver@vasquez.net,9560135831
C0627,Allison Richardson,North,2022-12-19,anthonychase@yahoo.com,9283653123
C0628,Debra Hernandez,,2024-10-24,monica68@jones.org,9470425406
C0629,Monica Hall,South,2025-07-20,cbaldwin@hotmail.com,
C0630,Cheryl Fisher,East,2023-05-15,isaac45@gmail.com,9836155435
C0631,,North,2025-02-20,tyler55@herrera-freeman.info,
C0632,Isabella Aguirre,East,2025-04-27,chasecole@gonzalez-callahan.org,9972391100
C0633,Linda Humphrey,West,2024-01-23,,9307723794
C0634,Robin Allen,West,2023-05-07,caroline82@gmail.com,9706236313
C0635,Jenny Melendez MD,South,2023-09-07,matthew48@wagner-braun.info,
C0636,Larry Day,North,2023-12-02,wwilson@ruiz.com,9426865667
C0637,Scott Johnson,West,2024-09-11,jamesrodriguez@yahoo.com,9364494090
C0638,Alexis Friedman,South,2023-07-10,,9173645834
C0639,Richard Chavez,North,2024-11-07,bridgestammy@sanchez.com,9978822351
C0640,Monica Price,South,2025-08-26,brenda46@gmail.com,9611770025
,Elizabeth Anderson,,2025-08-30,schultzjose@yahoo.com,9820679358
C0642,Emily Paul,West,2025-01-19,kellybright@williams.com,9506389647
C0643,Joseph Swanson,North,2023-04-14,drose@curry.com,9846542495
C0644,Megan Pollard,North,2025-04-25,brittany61@carroll.biz,9807950385
C0645,Levi Clark,South,2023-08-08,tammy81@hotmail.com,9251936215
C0646,Sharon Rivera,West,2023-05-03,brianhowell@yang-james.org,9194330608
C0647,Kristin May,South,2023-07-09,kelly58@shelton.org,9587336032
C0648,John Phillips,North,2023-02-05,ramirezdavid@gmail.com,9241363502
C0649,Lori Shaffer,North,2024-06-21,april48@hotmail.com,9330082571
C0650,Spencer Pollard,,2025-10-29,dudleytaylor@evans.biz,9221528815
C0651,April Morris,South,2023-02-24,bakerjohn@hotmail.com,9557323887
C0652,Justin Smith,South,2025-08-27,yjones@hernandez.org,9335645038
C0653,David Williams,North,2025-01-25,kimtaylor@yahoo.com,9466267616
C0654,Deborah Maldonado,South,2023-12-04,novakjessica@hotmail.com,9602781900
,Meghan Johnson,,2022-12-15,davidmoore@gmail.com,9594406785
C0656,Brandon Powers,North,2025-02-24,jennifergeorge@gmail.com,9116416205
C0657,Rachel Bradshaw,East,2024-05-25,walkeramanda@little.org,9453795440
C0658,Marissa Valenzuela,West,,jamesdeleon@lewis-alexander.com,9739825935
C0659,Susan Rivera,West,2025-07-06,marie46@gmail.com,9439742202
C0660,Laurie Thompson,North,2025-02-07,audrey09@moore-moore.org,
C0661,Miguel Esparza,East,2025-09-06,ysteele@hampton.biz,9579830590
C0662,Anita Sanchez,North,2024-02-07,dsanchez@singleton-waller.biz,9979957669
C0663,Karen Wright,West,2024-05-15,shawn56@thomas-oliver.com,9413452521
C0664,Mary Baldwin,South,,barbarahunt@smith-hampton.com,9484898726
C0665,George Hernandez,West,2025-04-06,linda27@wright-palmer.net,9697075149
C0666,,North,2024-02-16,zoconnell@hotmail.com,9805846410
C0667,William Smith,South,2023-08-17,erivera@hotmail.com,9218323449
C0668,Kimberly Cohen,East,2025-04-28,margaretgilbert@holloway.com,
C0669,David Russell,West,2024-12-12,jeremyprice@hotmail.com,9785459348
C0670,William Diaz,East,2024-08-18,,9967974500
C0671,Bradley Shah,West,2024-05-22,,9165369475
,,West,2024-06-05,thomaslopez@yahoo.com,9687271745
C0673,Zachary Hernandez,East,2023-12-16,vegamichelle@yahoo.com,9760503250
C0674,Kayla Garrett,West,2023-02-20,,9197267312
C0675,Eric Warner,North,2025-07-17,michael37@hotmail.com,9494825844
C0676,Wendy Collier,South,2024-12-19,anorman@goodman.com,
C0677,Shelley Chambers,East,2025-04-10,daniel35@roach.org,9534687709
C0678,Steven Fox,West,2022-12-08,irogers@hotmail.com,9208652047
C0679,Douglas Carr,North,,michaelsimmons@gmail.com,9488775011
C0680,Penny Herrera,North,2024-12-31,uwalton@hall.com,9355338612
C0681,Natalie Gutierrez,South,2024-07-08,cindy86@hotmail.com,
C0682,John Sharp,East,2023-05-15,josephparrish@gmail.com,9558896135
C0683,Joe Reid,South,2023-08-24,dixondouglas@guzman-hanna.com,9673885429
C0684,Joshua Parks,East,2023-09-27,leblancdebra@hotmail.com,9386525528
C0685,,South,2023-01-11,frederick67@morales-carpenter.net,9329266014
C0686,Amy Meza,West,2025-05-18,fitzpatrickdana@gmail.com,9679659613
C0687,James Watson,North,2024-04-16,jacquelinenash@gmail.com,9181335269
C0688,Jeremy Johnston,North,2024-04-15,,9883132524
C0689,Stacey Landry,North,2024-01-16,gabriel28@gmail.com,9287707047
C0690,Kevin Noble,North,2022-11-26,nicholas88@gmail.com,9482749087
C0691,,East,2023-12-11,eballard@hotmail.com,9143191995
C0692,Jonathan Lee,South,2023-06-09,sharon76@yahoo.com,9472489088
C0693,Bryan Lee,North,2023-07-05,brianolsen@jackson.net,9504134632
C0694,,,2023-11-17,garykerr@eaton.com,9362627309
C0695,Jonathan Pierce,West,2025-05-11,jennifergomez@mitchell.org,9352715750
C0696,Amanda Perry,West,2025-01-22,georgescott@kennedy.com,9464858497
C0697,Ryan Brown,West,2025-08-29,flloyd@rodriguez.com,9573801965
C0698,Cole Cox,North,2022-11-21,qsanford@hotmail.com,9805268023
C0699,Joshua Arias,West,2024-12-11,qhammond@patterson.com,9327436577
C0700,,East,2023-07-11,bgarner@white.com,9739068806
C0701,Kenneth Spencer,East,2023-02-08,josephgaines@yahoo.com,9319390584
C0702,Chad Gardner,North,2023-10-07,paulacarr@mcdaniel.com,9787306210
C0703,Charles Gregory,,2023-12-22,prhodes@greer.biz,9323556305
C0704,Jason Pacheco,South,2024-02-10,jreynolds@rivers-payne.com,9263309232
C0705,Susan Kim,East,2025-06-27,obailey@hotmail.com,9314874809
C0706,,,2024-02-09,rwright@gmail.com,9590401398
C0707,Diamond Howard,,2023-11-10,crystal31@santos-johnson.net,9579988588
C0708,Marcus Davis,West,2025-01-26,ewingtara@scott-lee.com,9907679155
,Eric Sanchez,South,2024-09-10,colemanandres@hotmail.com,
C0710,Lawrence Brewer,North,2023-05-06,gmason@little.info,9843322854
C0711,Nicholas King,West,2024-10-27,,9481845026
C0712,,North,2024-07-17,lgibson@gmail.com,
C0713,Elijah Clark,North,2024-11-05,jamespope@richardson.com,9552739600
,Thomas Miller,South,2024-09-20,,9112637815
C0715,Christine Walls,East,,qrichmond@adams.com,9810327467
C0716,Keith Elliott,,2024-01-12,roger92@gonzalez-price.net,9862180909
C0717,Jennifer Thomas,North,2023-11-24,nathanielprice@thomas-dunn.info,
C0718,Jasmine Curry,North,2024-10-25,bcarlson@cox-mcbride.com,9471894819
C0719,Austin Blackburn,North,,jamesjohn@miles.net,9121350909
C0720,Lisa Brown,South,2024-07-14,ronaldbruce@gmail.com,9725408934
C0721,William Maldonado,South,2025-03-28,,9417146893
C0722,Ronald Mason,South,2023-03-05,daniellechavez@davis-pennington.com,9889415972
C0723,,West,,pjohnson@yahoo.com,9191800875
C0724,Nicole Shelton,South,2024-03-08,whayes@hotmail.com,9618745039
C0725,Mark Myers,East,2023-10-31,oedwards@beasley.info,9780412868
C0726,,North,2023-03-24,harold24@patterson.com,9560528007
C0727,Lance Davis,South,2023-12-03,maureen02@martin.com,9317430810
C0728,Scott Rollins,South,2025-07-06,djacobs@baker-sellers.com,9319490270
,Victoria Porter,South,2024-05-17,ejohnson@nash-proctor.com,9964030080
C0730,Kara Dixon,South,2025-04-11,dsanders@gomez.com,9774306260
C0731,Cynthia Collins,North,2025-05-22,hawkinsmaureen@yahoo.com,9161078611
C0732,Sarah Hodges,North,2023-08-25,loweamy@yahoo.com,9420779766
C0733,Suzanne Rice,West,2023-05-07,,9719197773
C0734,Nathaniel Perez,South,2025-11-17,emilygonzales@brown.com,9417875016
C0735,Debbie Lopez,South,2025-03-20,andrew28@moreno-cooper.com,9206607609
C0736,,East,2024-05-22,kirsten39@boyd-cruz.com,9783707263
C0737,Teresa Marks,North,2024-07-07,charlesbell@yahoo.com,9984001994
C0738,Samantha Cobb,East,2023-10-01,,9469825499
C0739,Zachary Ford,North,2022-12-27,francisodom@gmail.com,9394173506
C0740,Karen Horn,West,2025-09-07,scott00@carpenter-harper.biz,9808271922
C0741,Michael Villegas,,2024-10-21,matthewsmith@hotmail.com,9785884773
C0742,Ricardo King,North,2023-09-19,nelsonjames@thompson.org,9142465544
,Wayne Stephens,North,2023-08-24,bdaniel@gmail.com,9657867389
C0744,Trevor Smith,East,2024-10-23,vsuarez@sims.com,9924096137
,Brian Dominguez,North,2024-06-16,gonzalescarl@hutchinson-johnson.com,9131444999
C0746,Maria Morgan,,2025-05-10,goodwinanthony@hotmail.com,9700134860
C0747,Don Hudson,North,2024-11-14,dawn90@hughes.biz,9981378852
C0748,Jessica Baxter,,2022-11-19,jenniferjones@pena.info,9177757599
C0749,Antonio Guzman,South,2024-12-08,tina82@buckley.com,9565224185
,Jeremy Hart,South,2022-12-06,erica80@byrd.biz,9211152124
C0751,Christopher Bradley,West,,,9831725416
C0752,Christy Williams,West,2024-10-07,wendy68@gmail.com,9746797625
,Dustin Wilson,West,2024-05-05,tina59@molina.com,9611888238
C0754,Tanya Baird,,2025-03-09,michellematthews@gmail.com,
C0755,Justin Simon,South,,fvelazquez@james.org,9766735763
C0756,Heidi Morales,North,2024-05-22,vasqueztiffany@yahoo.com,9361484608
C0757,Dr. Anne Middleton,South,2023-08-25,jbuchanan@mills.org,9405706053
C0758,Justin Garrett,East,2025-08-15,lharmon@johnson-sellers.com,9749170082
C0759,Christopher Mcconnell,East,2025-06-16,tinacosta@brewer.org,9767449183
C0760,Michael Calderon,North,2023-11-15,brownrobert@yahoo.com,9457522451
C0761,Michael Robinson,West,2025-08-13,jessica43@hotmail.com,9794577010
C0762,Dean Lee,East,2022-12-24,gsanchez@yahoo.com,
C0763,Scott Shelton,South,2023-01-22,kevans@cox.com,9164454154
C0764,Tammy Harper,East,2024-03-28,christopherjohnson@peters-adams.com,9893752050
C0765,Melissa Navarro,West,2024-09-23,ujohnson@ramirez.com,9683411824
C0766,Jessica Sanchez,North,2024-01-21,whicks@schroeder-jones.com,9136058880
C0767,Madison Weaver,North,2022-11-18,elizabethlogan@yahoo.com,9276762844
C0768,Shannon Edwards,East,2024-06-28,lance74@hotmail.com,9620760218
C0769,Joy Huffman,West,2025-03-24,elizabeth30@yahoo.com,9666065297
C0770,Joseph Castillo,East,2025-05-06,msloan@hotmail.com,
C0771,Cameron Vargas,North,,kevin10@hotmail.com,9635846130
C0772,James Allen,North,2023-02-02,erikwilcox@ortiz.info,9709153254
C0773,Jeanne Wallace,South,2024-01-22,donald67@gmail.com,9333561306
C0774,Nicole Morales,North,2023-10-29,andrewalvarez@grant-dominguez.com,9197304509
C0775,Sheryl Williams,East,2025-04-09,michaelyoung@brown.com,9211763383
C0776,Sandra Jacobs,South,2025-04-03,ricardoburns@hotmail.com,9820334178
C0777,Nathan Smith,North,2024-03-04,vwilliamson@gmail.com,9748764999
C0778,Jonathon Lee DDS,North,2024-12-06,abarber@gmail.com,9263897075
C0779,Sandra Vasquez,East,2025-01-06,sandrahill@gmail.com,9157517022
,Carla Holloway,East,2025-07-03,dpatterson@gmail.com,9683358893
C0781,Matthew Moore,West,2023-10-15,,9313827580
C0782,Makayla Holland,East,2024-07-01,jsavage@bradshaw.com,9782956635
C0783,Christopher Bradley,West,2023-11-01,ryanwashington@castaneda.net,9539396696
C0784,Brittney Brown,North,2023-08-04,sophia53@yahoo.com,9205057179
C0785,Kristine Clay,South,2025-05-17,igardner@hotmail.com,
C0786,Micheal Roberts,West,2023-04-13,angelaleon@york-maddox.org,9618210673
C0787,Michael Reyes,West,2025-02-02,hwhitaker@hotmail.com,9442087302
C0788,Matthew Marshall,South,2025-05-09,ucastillo@gmail.com,9483055461
C0789,Kathryn Dyer,East,2024-11-09,borr@yahoo.com,9731958360
C0790,Rebecca Ross,East,2024-07-08,,9458594471
C0791,Lauren Wells,North,2023-01-31,sfields@mcintosh-torres.com,9870950313
C0792,Heather Avery,East,2023-05-14,ramirezvirginia@reed-benson.biz,9130733426
,Daniel Miller,East,2024-10-27,perkinslisa@hotmail.com,9504695384
C0794,Richard Clark,North,2025-05-09,smithchristine@black.com,9453490979
C0795,,South,2023-07-25,courtneymorgan@hotmail.com,
C0796,Brian Weber,,2023-11-02,andersonkari@yahoo.com,9624943113
C0797,Jeffrey Castro MD,North,2025-08-04,michealbrewer@ramos-clark.org,9967271727
C0798,Amanda Mcdonald,South,2024-08-31,susanashley@erickson.com,
C0799,Dean Mcguire MD,North,2025-05-09,kathleensolis@paul-schwartz.net,9396713938
C0800,,North,,kturner@prince.com,9528474068
C0801,Eric Adams,,,ljohnson@gmail.com,
C0802,Christine Riley,North,2025-08-20,rogersmichael@garcia.org,9820650647
C0803,Calvin Peters,North,2023-11-26,usmith@yahoo.com,9770018603
C0804,Colleen Drake,,2024-12-07,gsmith@gmail.com,9909503871
C0805,Scott Mcclure,West,2024-01-19,christopher24@gmail.com,9333437769
C0806,Michele Patterson,North,2023-04-11,,9145873166
C0807,Daniel Bean,North,2023-12-13,ocoleman@yahoo.com,9736855602
C0808,Jose Lowe,West,2023-08-17,scott29@carter.com,9994391521
C0809,Matthew Schroeder DVM,North,2023-10-07,,9771711837
C0810,Lisa Johnson,West,2024-09-16,bradbailey@hotmail.com,9285205855
C0811,Tyler Robinson,West,2024-08-28,isaiahclark@thomas-bishop.info,9400839413
C0812,Donald Harvey,North,2023-02-04,mirandabrian@yahoo.com,9950623125
C0813,Jason Martin Jr.,East,2023-09-18,,9468649187
C0814,Charles Johnson,North,2023-06-07,ariel57@gmail.com,9833469290
C0815,Eric Morse,North,2023-08-26,eadams@gordon.com,9549964642
C0816,Alex Joseph,North,,robinsonmichael@sellers.com,
C0817,Lisa Parker,North,2024-07-02,sarahscott@hamilton.com,9461026067
C0818,Tristan Buck,North,2024-06-20,sawyerlinda@peck.info,9335287796
,Autumn Newton,East,2024-05-04,dunnjason@wallace.biz,9858096839
C0820,Rachel Beck,West,2025-04-05,wanda55@coleman.info,9366192943
C0821,Brian Dean,South,2024-05-11,lisagallegos@hotmail.com,9422392581
,Jennifer Zimmerman,West,2025-04-02,kramermichelle@gmail.com,9826007557
C0823,Yolanda Werner,North,2024-08-12,andrea26@mays.com,9602330731
C0824,Amanda Hernandez,East,2023-06-03,awalton@hotmail.com,9894179835
,Raymond Reynolds,West,2025-02-14,dorr@cohen.net,9455309393
C0826,Kimberly Thompson,,2024-04-15,,
C0827,Rodney Hill,North,2023-08-26,jennifer70@anderson.com,9758289168
,Adrian Turner,West,2025-07-20,vallen@hotmail.com,9798037403
C0829,Joshua Myers,West,2023-12-09,lewispaul@hotmail.com,9109082800
C0830,Michael Herrera,,,millscarol@yahoo.com,9609976059
C0831,Travis White,North,2024-11-06,donnamiller@herring.biz,9749751950
C0832,Shawn Donovan,East,2024-02-28,lmckay@hotmail.com,9388626010
C0833,Andre Freeman,South,2022-12-04,colonthomas@howell.org,9268985132
C0834,Latoya Morse,West,2024-09-02,mvega@gray.com,9222916666
C0835,,West,2025-07-04,,9831167300
C0836,Annette Huff,South,,,
C0837,Alexander Long,East,2024-05-30,lpreston@mays.com,9925539913
C0838,Holly Sanchez,East,2024-12-19,pmann@gmail.com,9129886939
C0839,Brian Grimes,North,2025-05-30,regina37@gmail.com,9178910035
C0840,Christina Cameron,South,2024-03-25,jesse96@hunter.com,9468284658
C0841,David Miller,West,2025-09-21,williamskayla@gmail.com,9870558917
C0842,Ryan Cortez,South,2025-10-09,,9995409237
C0843,Nancy Stewart,,2025-10-24,larsonanthony@campbell.net,9867030902
C0844,Katie Higgins,South,2025-10-20,calebmartinez@townsend.biz,9135101220
,Christine Gomez,,2025-09-06,jesse59@yahoo.com,
C0846,Daniel Hanson,West,2023-10-12,kwoods@yahoo.com,9933194472
C0847,David Valentine,East,2023-12-31,graycaitlin@ferguson.info,9728209475
,Teresa Sweeney,South,2025-08-03,sandracarey@long.com,9891516522
C0849,Michael Ware,,2024-04-06,pdoyle@yahoo.com,9363080222
C0850,Wendy Kaufman,South,2025-09-15,james50@hotmail.com,9514120389
C0851,Kristina Gonzalez,South,2024-07-17,stevengonzalez@hotmail.com,9269994061
C0852,Wesley Campbell,South,2024-02-04,mshepard@hotmail.com,9582197495
C0853,Natalie Alvarez,,2024-07-17,,9985108819
C0854,Colleen Rangel,North,2025-01-08,vincent96@hotmail.com,9543380934
C0855,William Henderson,South,2024-03-16,joneschelsea@hotmail.com,
C0856,Christopher Ellis,North,2024-12-19,troyglover@hart.net,9402753735
C0857,Mark Garcia,,2024-10-23,stevenclark@spencer.com,9236554674
C0858,Matthew Rodriguez,South,2024-01-22,jasminepierce@gmail.com,9356281967
C0859,Susan Murillo,East,2024-05-24,tiffanyvaughn@salinas.net,9612465694
C0860,Gregory Nolan,North,2025-05-03,louisboyd@yahoo.com,9100722142
C0861,Cassidy Morgan,West,2025-01-07,jonhernandez@hotmail.com,9612510223
C0862,Danielle Berry,North,2025-10-29,vbailey@hotmail.com,9430036386
C0863,Danny Gibbs,West,2025-03-04,donnablankenship@oliver.com,9904301757
C0864,Kimberly Meyer,West,2025-11-09,robertlucas@gmail.com,9228078761
C0865,Ryan Price DDS,West,2023-10-21,,9815561853
,Lee Stewart,South,2023-03-18,hollybass@foley.com,9992013019
C0867,Tara Fisher,East,2025-06-06,lukedrake@brandt-mccann.net,9666603920
,Troy Carpenter,West,2023-08-07,marcuslee@moore.info,9964466177
C0869,Pamela Kirby,South,2025-05-13,,9537061295
,Cindy Shelton,West,2025-09-11,thomas31@miller.com,9188809122
C0871,Alan Jones,South,2024-11-16,kevinholland@yahoo.com,9812353344
C0872,Jason Martinez,South,2023-07-08,qtorres@yahoo.com,9755888333
C0873,Robert Jones,North,2025-08-28,johnsonlauren@mckenzie.biz,9535111454
C0874,Justin Willis,North,2023-09-16,mark31@howard.biz,9384693837
C0875,David Craig,East,2025-06-13,brandilewis@yahoo.com,9697344378
C0876,,South,2025-03-01,amandajackson@gates.org,9843713703
C0877,Katie Nelson,East,2025-04-05,esweeney@yahoo.com,9525280500
C0878,Brenda Moon,East,2024-11-18,smithcharles@gmail.com,9783334765
C0879,Elizabeth Santiago,East,2024-02-24,daniel66@williams.org,9889403234
C0880,Dawn Vaughn,South,2025-05-07,stevencole@gmail.com,9155714606
C0881,Brooke Stevens,East,2024-02-07,danielsronnie@hotmail.com,9306280646
C0882,Travis Peterson,,2023-03-18,rickythompson@cooley.com,9731371188
C0883,Eric Sharp,South,2024-09-22,scottvillanueva@yahoo.com,9116958859
C0884,Julie Kennedy,,2023-10-22,qhowell@foster.info,
C0885,Diane Huerta,West,2024-12-10,elizabeththomas@barton-wells.net,9312853258
C0886,,West,2024-08-16,murrayheather@hotmail.com,9250362353
C0887,Diane Mccullough,West,2025-02-18,steven91@yahoo.com,9109784885
C0888,Nicole Robles,South,2023-04-12,wbell@dickerson.com,
C0889,Tina Hunt,West,2024-04-20,andrew13@wagner-diaz.info,9656219924
C0890,Jesus Lewis,North,2023-03-15,travis99@smith.info,9124830423
C0891,Amy Peterson,South,2025-10-09,douglas11@gmail.com,9540275237
C0892,Maria Brewer,East,2023-01-09,angela83@knight.com,9574513178
C0893,Michelle Alexander,South,2024-03-01,griffincody@hotmail.com,9437401233
C0894,Derek Martin,,2024-06-28,mariehansen@green.com,9752884255
C0895,Shannon Sanders,East,2025-07-19,darrenpearson@dean.info,9911203088
C0896,Daniel Miranda,,2022-12-25,marcusmurray@baldwin.biz,9727724606
C0897,John Thomas,South,2023-08-22,courtneywilliamson@gmail.com,9796431828
C0898,,South,2024-10-06,dannywilliams@brown-dominguez.biz,9878184961
C0899,Melissa Taylor,East,2023-02-20,sanchezjoe@gould.com,9576758788
C0900,Seth Payne,East,2024-02-16,hillkelly@gmail.com,9234220229
C0901,,East,2025-08-28,matthewmoore@yahoo.com,9586274939
C0902,Laura Salinas,North,2024-11-13,jason53@olson-alvarado.com,9512842543
C0903,Jill Campbell,South,2024-12-23,noconnor@gmail.com,9614081524
C0904,Allen Smith,South,2025-04-18,georgebooth@yahoo.com,9796967224
C0905,Alex Robinson,South,2023-05-25,castillosteven@campbell.info,9956390034
C0906,Elizabeth Bowen,North,2025-08-01,wilsontheresa@hotmail.com,9383353679
C0907,Cynthia Harvey,North,2024-05-18,michellecampos@yahoo.com,9325589972
C0908,Dr. Charles Waters,South,2024-10-14,,9237027307
,Henry Salazar,North,2024-09-09,shauneverett@andrews-huber.com,
C0910,Megan Nunez,,2023-12-19,xhayes@hotmail.com,9160495583
C0911,Robert Christensen,East,2025-04-12,chad67@gmail.com,9625528856
,Joseph Moreno,North,2023-11-25,bwalker@gmail.com,9605771773
C0913,Tracy Johnson,West,2025-08-15,nelsoncolleen@hutchinson-miranda.com,9976281521
C0914,Eric Thomas,West,2023-05-10,blairmatthew@gmail.com,9294368051
C0915,Michael Norton,East,2024-04-23,,9702145637
C0916,Robert White,East,2022-12-05,wbecker@joseph.com,9352295907
C0917,Deborah Jackson,North,2023-06-11,hwilcox@yahoo.com,9123622838
C0918,Robert Macias,North,2025-01-10,ophelps@yahoo.com,9323691680
C0919,Jerry Bruce,West,2024-08-21,alvaradodiana@adams.com,
C0920,Katherine Kelley,North,2025-02-08,,9838264798
,Sandra Brown,West,2024-03-24,,9169971190
C0922,Nancy Petersen,East,2024-04-11,mccarthytamara@matthews-wilson.info,9572118084
C0923,Anthony Williams,East,2023-11-05,oliverkathleen@yahoo.com,9320848025
C0924,Gary Chang,South,2024-05-18,ltorres@walsh-scott.com,9667138912
C0925,John Johnston,West,2025-08-24,qjones@hotmail.com,9115501231
,Michael Lopez,North,,kleinlynn@smith.com,9188319945
C0927,Karen Smith,West,2023-08-25,johnbrown@smith.net,9456184132
C0928,Heidi Ho,West,2024-10-29,taylor44@gmail.com,9725411492
C0929,Johnny Taylor,,2025-04-18,ericperry@jones.com,9622910943
C0930,Shawn Miller,South,2023-01-20,kelleycharles@norton.com,9370587081
C0931,Laura Armstrong,West,2023-04-18,amanda47@hotmail.com,9540658078
C0932,Amy Smith,East,2025-05-26,dturner@hotmail.com,9990875174
,John Rodriguez,East,2023-10-17,heathergentry@thompson.com,9482968100
C0934,Lisa Barker,East,2022-12-08,omorris@baxter-maddox.com,9235994533
C0935,Matthew Kelly,North,2025-09-10,simpsonmaria@hotmail.com,9108166395
C0936,Daniel Hudson,East,2023-11-27,deborahwhite@gmail.com,9831268567
C0937,,South,2024-04-07,darrencunningham@huffman-young.com,9581914894
C0938,Jessica Smith,South,2023-09-04,robert42@gmail.com,9330150888
C0939,Tiffany Chavez DVM,West,2024-11-27,courtney84@morris.com,9562447755
C0940,,North,2023-07-07,pfarrell@kane.biz,9443829870
C0941,Walter Martinez,North,,jonesmichelle@freeman-phillips.com,9342204636
,,East,2024-06-11,williamsscott@hotmail.com,9618196132
C0943,Christopher Pope,North,2025-08-08,anthony82@bennett.com,9523035722
C0944,Danielle Kelly,North,2025-04-05,pamela21@adams.com,9236530762
C0945,Philip Mcdaniel,South,2025-08-24,michellejames@yahoo.com,9275262419
C0946,Crystal Gilbert,West,2024-10-31,,9579099924
C0947,,West,2024-10-20,moorelaura@johnson-browning.info,9130090189
C0948,Kimberly Novak,South,2023-08-18,zberger@gmail.com,9578900572
C0949,,,2023-10-15,briandurham@reynolds.com,9745910920
C0950,Lee Ramsey,East,2023-03-05,fischerandrew@thomas.info,9596031253
C0951,Rebecca Moore,East,2023-02-10,gomezpaul@yahoo.com,
C0952,,East,2025-09-22,michael69@gmail.com,9454360603
C0953,Carol Jensen,North,2022-11-19,jessecarrillo@ponce.biz,9757967627
C0954,Matthew Bailey,South,2024-01-03,amy57@hotmail.com,9139482536
C0955,,North,2024-12-07,qcervantes@adams.com,
C0956,Kristina Meyers,South,2025-01-29,shelby34@wallace-stevens.com,9622651364
C0957,Elizabeth Church,East,2023-10-11,hherrera@yahoo.com,9153932470
C0958,Vanessa Smith,West,2023-09-17,nicholasbowen@harris.com,9346708604
C0959,Robert Torres,South,2024-01-05,michael88@eaton-buchanan.net,9786419528
C0960,David Johnson,South,2025-03-11,ibutler@hotmail.com,9534404714
,Ariel Spencer,West,2023-11-07,william95@estrada-jensen.net,9333661052
C0962,Mark Mitchell,East,2023-04-15,waltermunoz@hotmail.com,
C0963,Laura Simon,North,2023-08-13,latasharoach@reed-woods.com,9726664619
C0964,Charles Cox,East,2025-11-06,tgonzales@anderson.com,9993960157
C0965,Jennifer Sanchez,South,2023-08-28,stacey24@nelson.net,9772724035
C0966,Joshua Walker,West,2025-01-30,gyoung@yahoo.com,9906677844
,Mr. Vincent Brown MD,West,2024-12-03,vwall@porter.com,9313609311
C0968,Rebecca Wilson,South,2024-03-21,patelsara@clayton.com,9178970786
C0969,Ellen Santana,West,,pollardemily@gmail.com,9860420336
,Jerry Martinez,South,2025-03-18,sallymorris@pena-lane.com,9775955574
C0971,Corey Sexton,South,2025-05-02,wholder@hotmail.com,9943138192
C0972,Stephanie Hernandez,East,2025-10-22,nsherman@richards.org,9194702816
C0973,Lindsey Maynard,West,2023-06-23,brownchristopher@hotmail.com,9982830266
C0974,Kevin Bowers,East,2024-08-13,joseph39@gmail.com,9875654511
C0975,Brian Reynolds,South,2023-02-26,sosamichaela@baker.biz,9502089385
C0976,Shelby Griffin,West,2023-02-17,jensenrachael@green.net,9555095734
C0977,Dr. Jennifer Ford,West,2024-07-06,jorge37@richard.info,9141840146
C0978,William Ruiz,North,,tkeller@valentine.com,9640920227
C0979,,West,2023-06-09,jonathanvillegas@swanson.com,9530927659
C0980,Alice Jordan,,2024-11-11,durhamtravis@gmail.com,9466896467
C0981,Kyle Simmons,East,2025-03-14,stephaniejenkins@luna.net,9621825061
,Jessica Davis,West,2024-06-02,,9552579982
C0983,Amy Owens,South,2024-06-29,danielroberson@campbell.com,9385361218
C0984,Rebecca Gonzalez,West,2024-06-16,rebecca53@fuentes.info,9747581934
C0985,Christopher Murray,West,2025-05-13,allenkendra@franklin.com,9866325424
C0986,Bruce Wood,West,2024-01-11,,9182214477
,,South,2025-06-12,brownkelly@gross-walker.biz,9706929550
C0988,Mary Case,East,2025-04-11,valenzuelakarl@yahoo.com,9863120235
C0989,Eric Simpson,West,2024-06-04,lawsonjohn@hotmail.com,9138971173
C0990,Andrew Clark,North,2024-08-07,uhughes@hotmail.com,9843996948
,Abigail Cortez,North,,sandra74@lopez-smith.com,9884992261
C0992,Jordan Dixon,East,2024-10-14,stacie68@yahoo.com,9584118756
C0993,Martin Olson,West,2025-05-25,victor68@rhodes-thomas.net,9258264672
C0994,Daniel Durham,,2023-09-29,michealhess@thomas.com,9713043823
C0995,Shari Garcia,West,2023-04-04,robinaguirre@hotmail.com,9642392531
C0996,Devon Bauer,South,,daniellestephenson@chen.com,9493565238
C0997,,East,2023-01-31,jamescourtney@hotmail.com,9455625533
C0998,Jasmine Richards,South,2024-02-25,garycrawford@flowers-sparks.com,9649092857
C0999,Aaron Tucker,North,2025-03-25,emily94@salas.com,9397997185
C1000,Dustin Hall,East,2025-07-19,ctran@park.biz,9659657721
