order_id,customer_id,order_date,amount,channel
O00001,,2025-02-24,2627.0,Online
O00002,C0079,2025-05-15,,
O00003,C0323,2025-04-02,1247.0,Store
O00004,C0594,2025-08-31,2893.0,Store
O00005,C0686,2025-01-16,2990.0,Online
O00006,C0256,2025-11-13,3696.0,Online
O00007,C0365,2025-07-31,4547.0,Online
,C0108,2025-01-12,4167.0,Online
O00009,C0772,2025-03-01,2123.0,
,C0467,2025-08-12,3521.0,Online
O00011,C0104,2025-07-10,679.0,Store
O00012,C0713,2025-01-24,4970.0,Online
O00013,C0401,2025-01-18,406.0,Online
O00014,C0048,2025-02-20,2758.0,Online
O00015,C0425,,3833.0,Online
O00016,C0965,2025-11-08,3979.0,Store
O00017,C0827,2025-08-03,3633.0,Store
O00018,C0230,2025-04-01,3624.0,Online
O00019,C0794,2025-05-16,3935.0,Store
O00020,C0406,2025-07-06,4592.0,Online
O00021,C0662,2025-01-08,2765.0,Online
O00022,C0366,2025-01-09,364.0,Store
O00023,C0979,2025-06-22,1220.0,Store
O00024,C0621,2025-04-01,841.0,Store
O00025,C0836,2025-05-19,4889.0,Online
O00026,C0496,2025-02-27,3368.0,Online
O00027,C0872,2025-11-02,3748.0,Online
O00028,C0295,2025-01-05,1043.0,Online
O00029,C0178,2025-01-11,1846.0,Store
O00030,C0863,2025-10-28,287.0,Store
O00031,C0489,2025-01-24,3423.0,Online
O00032,C0164,2025-10-03,807.0,Online
O00033,C0495,,902.0,Online
O00034,C0870,2025-01-02,4054.0,Store
O00035,C0919,2025-03-20,1639.0,Online
O00036,C0452,2025-09-10,1812.0,Online
O00037,C0277,,3587.0,Store
O00038,C0432,2025-07-02,4985.0,Online
O00039,C0300,2025-01-05,1291.0,Store
O00040,C0866,2025-02-16,2252.0,
O00041,C0227,2025-08-19,1535.0,Online
O00042,C0947,2025-05-26,3135.0,Store
O00043,C0206,,2334.0,Online
O00044,C0019,2025-10-27,1936.0,
O00045,C0583,,914.0,Online
,C0411,2025-09-04,2782.0,Store
O00047,C0954,2025-10-17,428.0,Online
O00048,C0596,2025-07-07,658.0,Store
O00049,C0504,2025-08-18,2927.0,Online
O00050,C0549,2025-08-06,1979.0,Online
O00051,C0786,2025-01-11,3255.0,Store
O00052,C0632,2025-09-25,2452.0,Online
O00053,C0358,2024-11-26,2505.0,Store
O00054,C0401,2025-08-16,3342.0,Online
O00055,C0912,2025-08-13,4635.0,Store
O00056,C0541,2025-08-08,113.0,Store
O00057,C0942,2025-03-22,4512.0,Store
O00058,C0373,2025-02-12,968.0,Store
O00059,C0204,2025-07-18,2653.0,Store
O00060,C0645,2025-05-21,4870.0,Store
O00061,C0043,2025-07-08,1661.0,Store
O00062,C0386,2024-12-26,2278.0,Store
,C0913,2025-07-09,3396.0,Store
O00064,C0173,,3102.0,Online
O00065,C0283,2025-02-04,1230.0,
O00066,C0482,2025-07-25,3165.0,
O00067,C0752,2024-12-21,4276.0,Store
O00068,C0394,,2217.0,Store
O00069,C0719,2025-01-30,445.0,Store
O00070,C0804,2024-11-18,3847.0,Online
,C0395,2025-06-12,4830.0,Online
,C0429,2024-11-24,1163.0,Online
O00073,C0064,2025-02-25,4889.0,Online
O00074,C0477,2025-10-18,1175.0,Online
O00075,C0617,2025-11-14,1157.0,Store
,C0768,2025-08-17,3167.0,Online
O00077,C0175,2025-05-30,3025.0,Online
O00078,C0384,2024-12-02,793.0,Store
O00079,C0560,2025-06-08,1758.0,Online
O00080,C0620,2025-07-09,1925.0,Online
O00081,C0254,2025-02-03,1951.0,
O00082,C0148,2025-04-04,2005.0,Online
O00083,C0060,2025-04-12,,
O00084,C0540,2025-01-21,,Online
O00085,C0772,2025-09-29,4801.0,Online
O00086,C0271,2025-01-16,3817.0,Store
,C0948,2025-04-15,510.0,Store
O00088,,2025-05-10,1871.0,Store
O00089,C0552,2024-11-27,2221.0,
O00090,C0507,2025-04-06,3912.0,Store
O00091,C0576,2025-03-26,2242.0,Online
,C0118,2025-01-01,2403.0,Online
O00093,C0285,2025-06-25,3386.0,Online
O00094,C0001,2025-08-10,1726.0,Online
O00095,C0957,2025-06-29,3198.0,Store
,C0492,2025-10-08,4008.0,Online
O00097,C0647,2025-07-13,1588.0,Online
O00098,C0482,2025-08-29,,Store
O00099,C0053,2025-09-15,767.0,Online
O00100,C0368,2025-08-14,4086.0,Store
O00101,C0362,2024-12-09,2448.0,Store
O00102,C0975,2025-09-17,1598.0,Online
O00103,C0987,,2999.0,Online
O00104,C0389,2025-07-04,832.0,Online
O00105,C0746,2025-01-16,,Online
,C0776,2025-09-24,2559.0,Online
O00107,C0638,2025-09-25,1004.0,
O00108,C0689,2025-08-23,973.0,Store
O00109,C0957,2025-02-20,,Online
O00110,C0061,2025-04-13,2108.0,Online
O00111,C0079,2025-07-07,2863.0,Store
O00112,C0806,2025-04-23,678.0,Store
O00113,C0203,2025-06-27,1952.0,Online
O00114,C0183,2025-04-29,389.0,Store
O00115,C0454,2025-05-26,,Online
O00116,C0724,2025-04-23,454.0,Store
O00117,C0598,2025-01-10,4896.0,Online
O00118,C0170,,360.0,Store
O00119,C0226,2025-04-07,4829.0,Online
O00120,C0865,2024-12-25,3351.0,Store
O00121,C0279,2025-11-01,4865.0,Online
O00122,C0813,,,Store
O00123,C0975,2025-05-06,4947.0,Online
O00124,C0164,2025-03-29,2137.0,
O00125,C0074,2025-10-28,3827.0,Online
O00126,C0229,2025-01-21,4160.0,Online
O00127,,2025-02-08,2805.0,Store
O00128,C0915,2025-11-12,4470.0,Online
O00129,C0784,,3213.0,Online
O00130,C0644,2024-11-21,2891.0,Online
O00131,C0673,2025-04-29,207.0,Online
O00132,C0396,2025-10-27,4238.0,Online
O00133,C0134,,2877.0,Store
O00134,,2025-06-23,1984.0,Store
O00135,C0735,,305.0,Store
O00136,C0206,,4037.0,Online
O00137,C0061,2025-06-29,2531.0,Store
O00138,C0510,2025-08-15,,Store
O00139,C0829,2025-04-15,4867.0,Store
O00140,C0452,2025-10-07,445.0,Store
O00141,C0355,2025-03-14,4673.0,Store
O00142,C0269,2025-05-02,442.0,Online
O00143,C0581,2025-07-29,3468.0,Store
O00144,C0798,2025-05-05,4266.0,Store
O00145,C0153,2025-07-11,1595.0,Store
O00146,C0251,,4634.0,Online
O00147,C0209,2025-11-01,4672.0,Store
O00148,,2024-12-09,1989.0,
O00149,C0270,,852.0,Store
O00150,C0564,2024-11-21,4548.0,Store
O00151,C0278,,1722.0,Online
O00152,C0835,2025-09-24,1892.0,Store
O00153,C0766,2025-06-19,1149.0,Online
O00154,C0206,2025-07-12,3939.0,Online
,C0833,2025-01-23,2252.0,Store
O00156,C0130,2025-02-11,3613.0,Store
O00157,C0549,2025-08-17,3376.0,Store
O00158,C0027,,4823.0,Online
O00159,C0097,2025-04-07,1750.0,Store
O00160,C0849,2025-06-22,4240.0,Store
O00161,C0626,2025-02-01,1029.0,Online
O00162,C0589,2025-01-14,2060.0,Store
O00163,C0239,2025-08-19,2062.0,
,C0763,2025-04-29,937.0,Online
O00165,C0932,2025-05-19,1190.0,Store
O00166,C0612,2025-06-08,4825.0,Store
O00167,,2025-10-17,596.0,Store
O00168,C0857,2025-10-27,405.0,Online
O00169,C0093,2025-08-03,3980.0,Online
O00170,C0765,2025-01-11,2146.0,Store
O00171,C0704,2024-11-23,3101.0,Store
O00172,C0625,2025-02-01,1541.0,Online
O00173,C0239,2025-06-11,925.0,Store
O00174,C0104,2024-12-28,4707.0,Store
O00175,C0961,2025-08-30,212.0,Online
O00176,C0346,2025-03-23,3344.0,Store
O00177,C0499,2025-05-30,1706.0,
O00178,C0178,2025-06-10,4465.0,Online
O00179,C0886,2025-05-29,494.0,Online
O00180,C0518,2025-05-09,4121.0,Online
O00181,C0094,2025-10-06,4621.0,Store
O00182,,2025-03-06,1852.0,
O00183,C0900,,3688.0,Online
O00184,C0098,,4698.0,Store
O00185,C0886,2025-05-25,603.0,Store
O00186,C0160,2025-07-17,4863.0,
O00187,C0610,2024-11-25,1943.0,Online
O00188,C0527,,1877.0,Online
O00189,C0972,2025-02-20,181.0,Store
O00190,C0029,2024-11-26,4978.0,Online
O00191,C0090,2025-01-21,4617.0,Online
O00192,C0973,2025-02-17,1516.0,Online
O00193,C0969,2025-08-11,4170.0,Online
O00194,C0007,2025-08-14,129.0,Online
O00195,C0113,2025-04-12,274.0,Store
O00196,C0080,2025-01-22,636.0,Store
O00197,C0587,2025-03-05,632.0,Store
O00198,C0131,,141.0,
O00199,C0729,2024-12-01,3758.0,Online
O00200,C0092,2025-03-16,2834.0,Online
O00201,C0146,2025-10-27,1484.0,Online
,C0311,,3669.0,Store
O00203,C0823,2025-09-04,4437.0,Store
O00204,,2024-11-19,2909.0,Store
O00205,C0610,,3121.0,Store
O00206,C0982,2024-12-17,2998.0,Online
O00207,C0999,2025-07-08,426.0,Online
O00208,C0835,2025-01-16,4031.0,
O00209,C0894,2025-10-15,2626.0,Store
O00210,C0473,2025-04-08,4537.0,Online
O00211,C0617,2025-10-31,3406.0,Online
O00212,C0509,,1750.0,Online
O00213,C0666,2025-07-03,1462.0,Store
O00214,C0023,2025-04-11,1275.0,Store
O00215,C0246,2025-09-30,1678.0,Online
O00216,C0685,2025-06-20,1942.0,Store
O00217,C0714,2025-08-19,1770.0,Store
,C0604,2025-06-17,2460.0,Store
O00219,C0550,2025-07-03,3381.0,Store
O00220,C0312,2025-04-04,3419.0,Online
O00221,C0432,2025-03-13,4152.0,Online
O00222,C0721,2025-11-14,3735.0,Online
,C0071,2024-12-03,305.0,Store
,C0400,2025-07-12,4782.0,Online
O00225,C0514,2025-09-21,4297.0,Store
,C0215,2025-02-05,2186.0,
O00227,C0413,2024-11-23,4744.0,Online
O00228,C0586,2024-12-11,4039.0,Store
O00229,C0089,2025-06-15,3957.0,
,C0831,2025-09-13,1636.0,Online
O00231,C0519,2025-02-17,4742.0,Store
O00232,C0007,2025-08-19,925.0,Online
O00233,C0813,2025-03-28,,Online
O00234,C0801,2025-09-12,100.0,Online
O00235,C0369,2024-12-22,2422.0,Online
O00236,C0400,2025-02-06,3703.0,
O00237,C0039,2024-12-30,2146.0,Store
O00238,C0450,2025-06-24,3428.0,Store
O00239,C0289,2025-09-18,1092.0,Store
O00240,C0511,2025-11-01,3596.0,Store
O00241,C0527,2025-07-01,3072.0,Online
O00242,C0244,2025-01-16,2153.0,Online
O00243,C0985,2024-12-05,,Store
O00244,C0213,2025-03-10,236.0,Online
O00245,C0360,2025-08-01,1115.0,Store
O00246,C0424,,2352.0,Online
,C0893,2025-06-29,2811.0,Online
O00248,C0306,2025-11-05,4155.0,Store
O00249,C0889,2025-05-11,2447.0,Online
O00250,C0332,2025-07-30,4031.0,
O00251,C0871,2025-03-14,991.0,Online
,C0234,2025-03-28,3150.0,Store
O00253,C0836,2024-11-22,2277.0,
O00254,C0697,2024-11-19,1558.0,Online
O00255,C0729,2025-05-18,1822.0,Store
O00256,C0236,2025-03-09,4235.0,
O00257,C0900,2025-04-12,1756.0,Store
O00258,C0613,2025-05-10,2705.0,Online
O00259,C0124,2025-10-01,2415.0,Online
O00260,C0318,2025-10-11,2963.0,Store
O00261,C0450,,3723.0,Online
O00262,C0063,2025-04-26,2932.0,Store
O00263,C0031,2025-06-12,3826.0,Store
O00264,C0468,2024-12-20,3659.0,Online
O00265,,2025-09-12,,Store
O00266,C0753,2025-09-23,4147.0,Online
O00267,C0317,2025-05-16,1957.0,Store
O00268,C0878,2025-10-02,1412.0,Store
O00269,C0048,2025-02-07,4664.0,Online
O00270,C0241,2025-01-12,419.0,Online
,C0396,2025-05-08,2556.0,Store
O00272,C0942,2025-11-08,2014.0,Online
O00273,C0819,2025-03-12,3133.0,Online
O00274,C0223,2025-02-12,919.0,Store
O00275,C0860,2025-01-05,4513.0,Online
O00276,C0962,2025-03-04,744.0,Online
O00277,C0812,,967.0,Online
O00278,C0997,2025-09-28,2575.0,Store
O00279,C0279,2025-11-02,3792.0,
O00280,C0021,2024-11-27,2251.0,Store
O00281,C0196,2025-01-04,4784.0,Store
O00282,C0535,2025-07-01,3566.0,Store
O00283,C0499,2025-04-08,2756.0,Store
O00284,,2025-04-05,253.0,Store
O00285,C0252,2024-12-01,2060.0,Store
O00286,C0243,2025-08-21,493.0,Store
O00287,C0770,2025-11-10,109.0,Online
O00288,C0589,2025-07-12,1514.0,Online
O00289,C0952,2025-05-05,3748.0,Store
O00290,C0917,2025-07-08,904.0,Store
O00291,C0969,2025-11-08,1639.0,Store
O00292,C0747,2025-09-10,156.0,Store
O00293,C0091,2025-07-16,1525.0,Online
O00294,C0612,2025-09-18,3889.0,Store
O00295,,2025-11-01,2914.0,Store
,C0307,2025-11-04,1010.0,Online
O00297,C0761,2025-07-19,2274.0,Store
O00298,C0885,2025-05-16,3316.0,Online
O00299,C0943,2025-07-05,2424.0,Store
O00300,C0372,2025-02-22,943.0,Online
O00301,C0327,2025-05-27,1213.0,Online
O00302,C0153,2025-01-18,3500.0,Online
O00303,C0381,2025-06-18,4191.0,Store
O00304,C0622,2025-11-16,1531.0,Online
O00305,C0934,2025-02-16,1019.0,Online
O00306,C0069,2025-09-17,2330.0,Online
O00307,C0668,2025-05-17,1570.0,Store
O00308,C0841,,4769.0,Store
O00309,C0674,2025-03-19,4846.0,Store
O00310,,2024-12-10,1477.0,Online
O00311,C0803,2025-03-26,,Store
O00312,C0179,2025-01-12,1077.0,Online
O00313,C0980,2025-06-10,1656.0,Online
O00314,C0954,2025-01-20,4814.0,Store
O00315,C0027,2025-07-14,1587.0,Online
O00316,C0862,2025-10-24,2031.0,Store
O00317,C0689,2025-03-10,3451.0,Online
O00318,,2024-11-19,2033.0,
O00319,C0126,2025-11-11,3905.0,
O00320,C0635,2025-04-07,1235.0,
O00321,C0511,2025-08-31,248.0,Online
O00322,C0961,2025-01-15,3628.0,Store
O00323,C0676,2025-06-25,265.0,Store
O00324,C0146,2025-05-22,3436.0,Online
O00325,C0570,2025-09-27,4650.0,Store
O00326,C0316,2025-03-16,220.0,Store
O00327,C0428,2025-04-26,912.0,Store
,C0484,2025-04-25,4632.0,Online
O00329,,2025-01-05,2274.0,Store
O00330,C0208,,1795.0,Online
O00331,C0908,2024-12-22,2274.0,Store
O00332,C0225,2025-11-03,4717.0,Online
O00333,C0667,2025-09-23,2229.0,Online
O00334,C0457,2024-12-20,,Store
O00335,C0024,2024-11-26,4303.0,Online
O00336,C0459,2025-06-26,375.0,Store
O00337,C0132,2025-03-03,2756.0,Online
O00338,C0036,2025-10-03,4377.0,Store
O00339,,2025-05-09,3302.0,Store
O00340,C0024,2025-05-14,1970.0,Store
O00341,C0347,2024-11-27,3636.0,Store
O00342,C0040,2025-01-10,829.0,Store
O00343,C0097,2025-05-09,201.0,Online
O00344,C0368,2025-01-28,4444.0,Online
,C0090,2025-05-07,4255.0,Store
O00346,C0019,2025-01-24,4057.0,Online
O00347,C0515,2024-11-21,4727.0,Store
O00348,C0911,2025-11-10,2261.0,Online
O00349,C0225,2025-03-06,1355.0,Store
O00350,C0265,,3026.0,Online
O00351,C0492,2025-06-10,4733.0,Online
O00352,C0964,2025-11-14,1849.0,Store
O00353,C0122,,4204.0,Store
O00354,C0806,2025-08-22,,Store
O00355,C0782,2025-09-28,4365.0,Store
O00356,C0651,2025-05-11,120.0,Store
O00357,,,4052.0,
O00358,C0385,,865.0,Online
O00359,C0300,2025-10-11,4896.0,Online
O00360,C0650,2024-11-18,1418.0,Store
O00361,C0739,2025-09-09,814.0,Store
O00362,C0146,2025-03-14,2341.0,Online
,C0687,,3271.0,Store
O00364,C0035,2025-05-17,3377.0,Store
O00365,C0666,2024-12-06,4724.0,Online
O00366,C0156,2024-12-11,3909.0,Online
O00367,C0512,2025-08-12,4505.0,Online
O00368,C0258,2025-07-30,4265.0,Store
O00369,C0332,2025-10-31,4142.0,Online
O00370,C0613,2025-05-27,,Online
O00371,C0327,2025-09-20,1652.0,Online
O00372,,2025-01-18,931.0,Online
O00373,C0681,2025-01-04,2460.0,Online
O00374,C0444,2025-11-09,340.0,Store
O00375,C0127,2025-02-02,3830.0,Online
O00376,C0671,2025-10-07,2088.0,Online
O00377,C0140,2025-05-24,3288.0,Online
O00378,C0004,2025-02-10,1783.0,Store
O00379,C0937,2025-01-13,655.0,Online
O00380,C0506,2025-06-28,1490.0,Store
O00381,C0491,2025-10-22,3392.0,Store
,C0526,2024-12-11,4833.0,Store
O00383,C0642,2025-02-19,,Store
O00384,C0582,2025-04-23,2420.0,Store
O00385,C0869,2025-04-25,1328.0,Online
O00386,C0532,2025-09-09,1465.0,Online
O00387,C0404,2025-05-27,3106.0,Store
O00388,C0844,2024-12-22,,Store
O00389,C0568,2025-01-04,4939.0,Store
O00390,C0128,2025-07-23,629.0,Online
O00391,C0729,2025-11-04,2774.0,
O00392,C0492,2025-05-17,4836.0,Store
O00393,C0754,2025-05-25,4961.0,Store
O00394,C0272,2025-06-18,399.0,Online
O00395,C0403,2024-12-06,4016.0,Store
O00396,C0027,2025-10-17,4762.0,Store
O00397,C0824,2025-02-05,1273.0,Online
O00398,C0678,2025-08-25,3369.0,Store
O00399,C0323,2025-11-06,2696.0,Online
O00400,C0817,2025-11-11,924.0,Online
O00401,C0400,2025-10-01,1761.0,Online
O00402,C0776,2025-07-25,4457.0,Online
O00403,C0089,2024-12-20,956.0,Store
O00404,C0789,2025-09-11,4901.0,Store
O00405,C0064,2025-10-25,149.0,Online
O00406,C0491,2025-08-10,870.0,Online
O00407,C0125,2025-09-20,4292.0,Online
O00408,C0584,2025-02-14,4846.0,Online
O00409,C0889,2025-04-14,,Store
O00410,C0925,2025-07-08,1338.0,Store
O00411,C0195,2025-08-28,532.0,Online
O00412,C0892,2025-10-22,4073.0,
O00413,C0517,2025-05-08,367.0,Store
O00414,C0365,2025-10-14,408.0,Store
O00415,C0474,2025-11-09,2060.0,Store
O00416,C0020,2024-11-21,2596.0,Online
O00417,C0770,2025-07-16,1609.0,Online
O00418,C0170,2024-12-08,783.0,Store
O00419,C0831,2025-03-21,4923.0,Store
O00420,C0260,2025-11-11,395.0,Store
O00421,C0777,2025-06-23,1473.0,Online
O00422,C0113,2025-09-08,,Online
O00423,C0585,2024-12-22,3909.0,Store
O00424,C0728,2025-04-13,375.0,Online
O00425,C0598,2025-07-23,941.0,Online
O00426,C0757,2025-09-14,3626.0,Online
O00427,C0916,2025-01-03,4359.0,Store
O00428,C0417,2024-12-22,2499.0,Online
O00429,C0275,2025-01-26,1026.0,Online
O00430,C0959,2025-09-03,4241.0,Online
O00431,C0679,2025-04-14,2951.0,Store
O00432,C0379,2025-10-08,3276.0,Online
O00433,C0460,2025-07-04,1975.0,Store
O00434,C0917,2025-03-09,2370.0,Store
O00435,C0856,2025-04-01,3061.0,Online
O00436,C0379,2025-09-07,2503.0,Online
O00437,C0789,,4877.0,Store
O00438,C0654,2025-01-23,1142.0,Online
O00439,C0330,2025-02-27,3640.0,Store
O00440,C0710,2025-08-24,4748.0,Online
O00441,C0186,2025-03-29,3578.0,Online
O00442,C0783,2025-06-04,4670.0,Online
O00443,C0382,2025-10-17,195.0,Store
O00444,C0686,2024-12-29,4840.0,Online
O00445,,2025-02-15,267.0,Online
O00446,C0413,2025-11-08,1392.0,Online
O00447,C0189,2025-09-07,4108.0,Store
O00448,C0926,2025-04-26,4423.0,Store
O00449,C0866,2025-10-05,3325.0,Online
,C0393,2025-09-25,597.0,Online
O00451,C0945,,3125.0,Online
O00452,C0190,2025-02-21,4437.0,Store
,C0558,2024-12-29,3555.0,Store
O00454,C0662,2025-02-05,4787.0,Online
O00455,C0386,2025-09-10,841.0,Store
O00456,C0545,,361.0,Store
O00457,C0096,2025-01-24,3842.0,Store
O00458,C0380,2025-10-06,239.0,Online
O00459,,2025-07-19,3067.0,Store
O00460,C0032,2025-08-28,3345.0,Online
O00461,C0858,2025-11-14,3786.0,Online
O00462,C0117,2025-02-08,4308.0,Online
O00463,C0734,2025-09-27,4856.0,Store
O00464,C0947,2025-02-17,159.0,Online
O00465,C0625,2025-11-01,2448.0,Store
O00466,C0269,2025-05-30,2376.0,Store
O00467,C0618,2025-01-20,2464.0,Store
O00468,C0972,,3293.0,Online
O00469,C0420,2025-10-17,2777.0,Store
O00470,C0675,2025-11-04,2981.0,Online
O00471,C0663,2025-06-27,3948.0,
,C0969,2024-12-03,2119.0,Store
O00473,,2025-02-10,2732.0,Online
O00474,C0820,2025-08-18,1205.0,Online
O00475,C0210,2025-10-04,3649.0,Online
O00476,C0077,2024-12-22,3546.0,Store
O00477,C0721,2025-01-29,3874.0,Store
O00478,C0684,2025-01-11,3907.0,Store
O00479,C0768,,529.0,Store
O00480,C0311,2024-11-23,2600.0,Store
O00481,C0602,2025-02-18,3814.0,Store
O00482,C0353,2025-01-25,363.0,Online
O00483,C0779,2025-02-13,3828.0,Store
O00484,C0501,2025-03-28,3340.0,Store
O00485,C0435,2025-04-03,4920.0,Online
O00486,C0818,2025-10-07,1490.0,Store
O00487,C0276,,4250.0,Store
O00488,C0825,2025-06-27,2272.0,Online
O00489,C0687,2025-08-24,848.0,Online
O00490,C0839,2025-06-29,4055.0,Store
O00491,C0873,2025-08-02,4482.0,Online
O00492,C0395,2025-03-10,3010.0,Online
O00493,C0800,2025-08-21,1097.0,Store
O00494,C0513,2024-12-04,2933.0,Online
O00495,C0626,2025-01-01,,Online
O00496,,2025-01-23,2682.0,Store
O00497,C0684,2025-06-25,1938.0,Online
O00498,C0734,2025-01-10,3645.0,Store
O00499,C0324,2025-04-27,1558.0,Online
O00500,C0099,2025-02-10,1770.0,Online
O00501,C0845,2025-04-02,3695.0,Store
O00502,C0738,2025-01-19,4394.0,Online
O00503,C0509,2025-07-29,4148.0,Online
O00504,C0176,2025-08-20,4566.0,Store
,C0748,2024-12-03,2691.0,Online
O00506,C0425,2025-08-12,2756.0,Online
,C0729,2025-07-27,3658.0,Store
O00508,C0737,2025-05-06,238.0,Store
O00509,C0052,2025-05-13,4412.0,Store
,C0045,2025-10-21,566.0,Store
O00511,C0329,2025-07-14,821.0,Online
O00512,C0943,2024-12-10,2064.0,
O00513,C0161,,2185.0,Store
O00514,C0130,2024-12-05,3425.0,Store
O00515,C0018,2025-11-04,545.0,Store
O00516,C0920,2025-06-24,3848.0,Store
O00517,,2024-11-21,3119.0,Online
O00518,C0102,2025-04-24,,Online
O00519,C0519,2024-12-31,4138.0,Store
O00520,C0232,2025-05-22,2124.0,Online
O00521,C0437,2025-06-19,2096.0,Store
O00522,,2025-06-15,3952.0,Online
O00523,C0926,2025-03-21,1899.0,Online
O00524,C0427,2025-04-28,1292.0,Online
O00525,C0934,2025-06-03,4925.0,Online
O00526,C0729,2025-09-27,2655.0,Online
O00527,C0643,2025-01-30,1501.0,Store
O00528,C0120,2025-04-17,368.0,Store
O00529,C0021,2025-06-20,2800.0,Store
O00530,C0069,2025-03-06,974.0,Store
O00531,C0083,2025-01-03,1176.0,Online
O00532,,2025-03-27,3561.0,
O00533,C0127,2025-01-15,3748.0,Online
O00534,C0722,2025-10-03,4124.0,Online
O00535,C0959,2025-05-23,3754.0,Store
,C0407,2024-11-27,1345.0,Online
O00537,C0242,2025-10-10,3543.0,Online
O00538,C0778,2025-06-26,236.0,Online
O00539,C0667,2025-09-01,243.0,Online
O00540,C0448,2024-12-09,1975.0,Store
O00541,C0028,2025-09-27,3102.0,Store
O00542,C0795,2024-11-19,2428.0,Store
O00543,C0744,2025-10-19,788.0,Online
,C0935,2025-02-11,298.0,Store
O00545,,2024-12-12,159.0,Store
O00546,C0806,2025-10-14,2914.0,Store
O00547,C0979,2025-02-14,1436.0,
O00548,C0539,2024-12-03,4662.0,Store
O00549,C0938,2025-10-25,1169.0,Store
O00550,C0630,2025-11-02,3772.0,Store
O00551,C0685,2025-03-10,4373.0,Store
O00552,,2025-05-13,2931.0,Online
O00553,C0953,2025-01-17,637.0,Store
O00554,C0217,,4938.0,Online
O00555,C0179,2025-09-29,4422.0,Store
O00556,C0618,2025-08-15,2773.0,Store
O00557,C0555,2025-01-19,2712.0,Store
O00558,C0876,2025-01-20,160.0,Store
O00559,C0334,2025-01-31,209.0,Online
O00560,C0005,2025-10-28,1901.0,Online
O00561,C0899,2025-06-23,192.0,Online
O00562,C0588,2025-11-03,3200.0,Store
O00563,C0275,2025-05-05,4824.0,Online
O00564,,2025-09-30,199.0,Store
O00565,C0705,2025-02-09,3583.0,Online
O00566,C0650,2025-06-02,1618.0,Online
O00567,C0577,2025-04-22,2361.0,Online
O00568,C0303,2025-04-08,4889.0,Online
O00569,C0497,,2273.0,Online
O00570,C0001,2025-01-14,,Online
O00571,C0498,2025-08-01,1390.0,
O00572,,2025-08-23,465.0,Online
O00573,C0783,2025-07-10,2514.0,Store
O00574,C0044,2025-02-13,1046.0,Store
O00575,C0946,2025-08-27,3450.0,Store
O00576,C0850,2025-04-14,4030.0,Store
,C0774,2025-01-22,1217.0,Store
O00578,C0700,2025-03-05,3030.0,Store
O00579,C0722,2025-05-12,2843.0,Online
O00580,C0911,2024-11-25,4614.0,Store
O00581,C0408,2025-03-05,4335.0,
O00582,C0321,2025-01-07,3044.0,Store
O00583,C0579,2025-06-11,3259.0,Online
O00584,,2025-09-01,4553.0,Store
O00585,C0415,2025-06-03,1492.0,Store
O00586,,,1360.0,Store
O00587,C0852,2025-02-24,4045.0,Online
O00588,C0161,2025-05-03,2652.0,Store
O00589,C0048,2025-09-19,3374.0,Store
O00590,C0306,,,Store
O00591,C0245,2025-03-01,2565.0,Store
O00592,C0035,2025-07-12,1880.0,Online
O00593,C0040,2025-09-23,3823.0,Online
O00594,C0520,2025-07-13,1062.0,Store
O00595,C0928,2025-04-06,2748.0,Store
O00596,C0164,2025-07-09,3511.0,Store
O00597,C0290,2025-11-10,3454.0,Online
O00598,C0023,,2079.0,Store
O00599,C0265,2025-02-04,3365.0,Online
O00600,C0956,2025-06-26,926.0,Store
O00601,C0523,,1530.0,Online
O00602,C0587,2024-12-16,1308.0,Online
O00603,C0450,2025-03-08,377.0,Online
,C0638,2025-06-01,3098.0,Online
O00605,,2024-12-29,2455.0,Online
,,2025-05-29,4634.0,Store
O00607,,2024-12-19,606.0,
O00608,C0767,2025-06-01,353.0,Online
O00609,C0836,2025-09-29,1626.0,Store
O00610,C0123,2025-03-09,4522.0,Online
O00611,C0864,2025-08-17,1441.0,Online
O00612,C0752,2025-10-29,4738.0,Online
O00613,C0769,2025-04-16,4957.0,Online
O00614,C0749,2025-07-30,2972.0,Store
O00615,C0345,2025-05-31,1272.0,Store
O00616,C0300,2025-09-30,4063.0,Online
O00617,C0154,2024-11-22,2756.0,Store
O00618,,2025-08-17,923.0,Store
O00619,C0330,2025-04-30,4350.0,Online
O00620,,2024-12-07,2706.0,Online
O00621,C0892,2025-09-09,2516.0,Store
O00622,C0935,,4006.0,Store
O00623,C0220,2025-07-07,3952.0,Online
O00624,C0944,2025-04-16,2472.0,Store
O00625,C0438,2025-01-26,3571.0,Online
O00626,C0988,2024-12-22,1148.0,Online
O00627,C0101,2025-08-19,609.0,Online
O00628,C0187,,4955.0,Online
O00629,,2024-12-15,1021.0,Store
O00630,C0507,2025-03-22,2794.0,Online
O00631,C0066,2025-09-05,4248.0,Online
,C0308,2025-05-12,1278.0,Online
O00633,C0538,2025-08-16,3443.0,Store
O00634,,2025-08-16,2302.0,Store
O00635,C0345,2025-04-27,2382.0,Store
O00636,C1000,2025-01-18,3283.0,Store
O00637,C0333,2025-09-24,3602.0,Store
O00638,C0170,2025-03-18,2925.0,Online
O00639,C0227,2025-07-21,616.0,Online
O00640,C0930,2025-02-27,4886.0,Store
O00641,C0863,2025-04-06,1788.0,Store
O00642,C0152,2025-08-10,4416.0,Store
O00643,C0485,2025-01-16,4390.0,Online
O00644,C0445,2025-09-17,2472.0,Online
O00645,C1000,2024-12-09,,Store
O00646,C0015,2025-06-16,2710.0,Online
O00647,C0738,2025-06-22,989.0,Store
O00648,C0731,2025-07-28,4235.0,Online
O00649,C0112,2025-03-14,4712.0,Online
O00650,C0267,2025-05-01,4434.0,Store
,C0338,2025-01-07,2905.0,Online
O00652,C0083,2025-08-12,895.0,
O00653,C0133,2025-05-28,4941.0,Online
O00654,C0617,2025-10-18,4114.0,Store
O00655,C0740,2025-09-14,1931.0,Store
O00656,,2025-11-05,710.0,
O00657,C0269,2025-02-10,4829.0,Store
,C0559,2025-03-13,125.0,Online
O00659,C0121,2025-05-20,2580.0,Online
O00660,C0725,2025-08-11,1117.0,Store
O00661,C0740,2025-08-15,3474.0,Store
O00662,C0798,2025-06-02,3919.0,Online
O00663,C0222,2025-09-10,596.0,Online
O00664,C0408,2025-01-08,2318.0,Store
O00665,C0795,2025-02-10,4434.0,Online
O00666,C0172,2025-06-09,346.0,Online
O00667,C0002,2025-09-26,1965.0,Online
O00668,C0131,2025-03-27,4526.0,Store
O00669,C0995,2025-02-24,,Store
O00670,C0980,2025-11-14,4565.0,Online
O00671,C0283,2025-01-03,4052.0,Store
O00672,C0652,2025-10-17,309.0,Store
O00673,C0842,2025-09-10,3199.0,Store
O00674,C0263,2025-08-17,505.0,Store
O00675,C0001,2025-09-19,3014.0,Store
O00676,C0735,2025-09-07,1742.0,Online
O00677,C0936,2025-09-01,1546.0,Store
O00678,C0078,2025-01-22,2022.0,Online
O00679,C0597,2025-08-11,483.0,Online
O00680,C0698,2025-08-16,3425.0,Store
O00681,,2025-07-05,665.0,
O00682,C0022,2025-11-02,,Store
O00683,C0412,2025-02-17,2373.0,Online
O00684,C0223,2025-05-05,2055.0,Online
O00685,C0926,2025-01-28,771.0,Online
O00686,C0385,2025-03-24,3543.0,Store
O00687,C0819,2025-09-22,3151.0,Store
O00688,C0286,2025-01-30,4421.0,Online
O00689,C0152,2025-08-21,3927.0,Store
O00690,C0976,2025-08-21,1255.0,Online
O00691,C0720,2025-08-15,3898.0,Online
O00692,C0767,2025-10-11,1860.0,Online
O00693,C0856,2025-08-03,4524.0,Online
O00694,C0828,2025-07-11,4762.0,Store
O00695,C0560,2025-04-11,2062.0,Online
O00696,C0865,2025-07-08,4063.0,Online
O00697,,2025-07-21,2864.0,Online
O00698,C0988,2025-10-06,1368.0,Store
O00699,C0727,2025-08-23,3902.0,Online
O00700,C0106,2025-10-24,796.0,Online
O00701,C0975,2025-05-04,107.0,Store
O00702,C0113,,350.0,Online
O00703,C0496,2025-01-23,2837.0,Store
O00704,C0197,2025-03-30,1113.0,Store
O00705,C0232,2025-06-24,4706.0,Online
O00706,C0220,,4054.0,Store
O00707,C0045,2025-05-29,4171.0,Store
O00708,C0760,2025-05-13,747.0,Online
O00709,C0069,2025-06-24,4280.0,Online
,C0607,2025-11-17,4516.0,Store
O00711,C0694,2025-06-25,,Store
O00712,C0996,2025-11-10,3543.0,Online
O00713,C0174,2025-11-02,3219.0,Store
O00714,C0958,2025-04-12,2958.0,Online
O00715,C0851,2024-12-03,1626.0,Online
O00716,C0659,2025-08-27,540.0,Online
O00717,C0376,2025-11-13,1825.0,Store
O00718,C0314,,,Store
O00719,C0017,2025-08-07,4230.0,Store
O00720,C0025,2025-06-27,1456.0,Store
O00721,C0385,2024-11-23,821.0,
O00722,C0551,2025-04-16,3175.0,Online
O00723,C0885,2024-12-23,1303.0,Store
O00724,,2025-10-05,2911.0,Store
O00725,C0728,2025-09-15,4944.0,Store
O00726,C0971,,4807.0,Online
O00727,C0049,2025-01-26,4192.0,Online
O00728,C0767,2025-10-25,3284.0,Online
O00729,C0106,2025-02-10,,Store
O00730,C0905,2024-12-15,250.0,Store
O00731,C0999,2025-09-16,4723.0,Store
O00732,C0323,2025-07-18,4160.0,Store
O00733,C0500,2025-01-30,2365.0,Store
O00734,C0050,2025-07-04,3282.0,Online
O00735,C0290,2025-08-15,2249.0,Online
O00736,C0833,2025-08-13,1724.0,Online
O00737,C0774,2025-04-10,577.0,Online
O00738,C0540,2025-08-08,3050.0,Store
O00739,C0542,2025-05-21,500.0,Online
O00740,C0498,2025-07-25,,Store
O00741,,2025-11-01,2801.0,Online
O00742,C0445,2025-03-18,733.0,Store
O00743,C0898,2024-11-17,2812.0,Store
,C0044,2025-01-10,3872.0,Online
O00745,C0144,2025-06-02,4183.0,Store
O00746,C0328,2025-01-01,3393.0,Store
O00747,C0745,2025-05-31,4177.0,Online
O00748,C0620,2024-12-05,3461.0,Online
,C0079,,1038.0,Store
O00750,C0228,2025-07-17,4828.0,Store
O00751,C0783,2025-08-12,105.0,Store
O00752,,2025-04-12,,Store
O00753,,2025-03-05,862.0,Store
O00754,C0640,2024-11-24,3231.0,Online
O00755,C0262,2025-11-10,1407.0,Online
O00756,C0193,2025-06-21,1673.0,Online
O00757,C0211,2025-07-08,4870.0,Online
O00758,C0214,2025-09-09,2823.0,Store
O00759,C0584,2025-08-29,3311.0,Store
O00760,C0549,2025-03-05,2037.0,Store
O00761,C0686,2025-06-16,173.0,Online
O00762,C0717,2025-01-09,216.0,Store
O00763,C0857,2025-02-26,4094.0,Online
O00764,,2025-03-10,220.0,Store
O00765,C0622,2024-11-19,4325.0,Store
O00766,C0263,2025-01-05,4325.0,Store
O00767,C0986,2025-07-03,,Store
O00768,C0400,2025-02-09,986.0,Online
O00769,C0479,2025-10-30,2234.0,Online
O00770,C0322,2025-09-10,3231.0,Online
O00771,C0083,2025-08-11,3997.0,Store
O00772,C0222,2025-09-01,2112.0,Store
O00773,C0662,2025-10-19,4367.0,Store
O00774,C0922,2025-10-19,4082.0,
O00775,C0643,2024-11-28,4882.0,Store
O00776,C0087,2025-05-30,3750.0,
O00777,C0033,,1383.0,Store
O00778,,2025-05-20,3249.0,Online
O00779,C0099,2025-07-11,4646.0,Online
O00780,C0733,2025-09-16,2728.0,Online
O00781,C0239,2025-07-21,929.0,Store
,C0529,2025-09-17,1006.0,Store
O00783,C0789,2025-06-24,1691.0,Store
O00784,C0513,2025-06-30,2509.0,Online
O00785,C0982,2025-04-25,1918.0,Online
O00786,C0526,2025-07-25,264.0,Store
O00787,C0634,2025-09-26,320.0,Online
O00788,C0006,2025-07-20,1345.0,Store
O00789,C0993,2025-03-09,2023.0,Store
O00790,C0719,2025-03-03,998.0,Store
O00791,C0957,2025-09-28,300.0,Online
O00792,C0376,2025-04-24,4935.0,Online
,C0760,2025-10-27,802.0,Online
O00794,C0074,2025-01-12,3344.0,Store
O00795,C0330,2025-02-27,,Store
O00796,,2025-03-01,,Online
,C0096,2025-09-16,4435.0,Online
O00798,C0527,,4124.0,Store
O00799,C0313,2024-12-26,294.0,Online
O00800,C0603,2025-05-07,3923.0,Store
O00801,C0483,2025-07-15,3695.0,Online
O00802,C0023,2025-08-12,4442.0,Online
O00803,C0391,2025-08-26,3870.0,Store
O00804,C0265,2025-08-31,2758.0,Store
O00805,C0993,2024-12-25,3402.0,Online
O00806,C0205,2025-08-21,3534.0,Online
O00807,C0195,2025-07-13,2302.0,Store
O00808,C0492,2025-05-03,1382.0,
O00809,C0815,2025-11-05,593.0,Online
O00810,C0435,2025-04-17,2691.0,Store
,C0356,,2561.0,Online
O00812,C0990,2025-08-11,4212.0,Store
O00813,,2025-03-03,2443.0,
O00814,C0077,2025-08-28,805.0,Store
O00815,C0614,2025-07-10,465.0,
O00816,C0048,2025-05-20,644.0,Store
O00817,C0540,2025-05-02,4888.0,Store
O00818,C0470,2025-10-26,4655.0,Store
O00819,C0528,2025-07-25,956.0,Store
O00820,C0068,2025-10-23,3178.0,Online
O00821,C0733,2025-04-10,4497.0,Store
O00822,C0761,2025-11-06,2456.0,Store
O00823,C0398,2025-08-19,4654.0,Store
O00824,C0060,,236.0,Online
O00825,C0215,2025-09-29,4092.0,Online
O00826,C0957,2025-02-17,3933.0,Store
O00827,C0389,2024-12-10,4506.0,Store
O00828,C0358,2025-05-27,4936.0,Store
O00829,,2025-02-06,599.0,Online
O00830,C0120,2025-10-14,4699.0,Online
O00831,,2025-10-02,2789.0,Store
O00832,C0826,2025-09-21,1652.0,Store
O00833,C0295,2025-05-14,2595.0,Store
O00834,C0927,2025-03-29,3671.0,Online
O00835,C0842,,3033.0,Store
O00836,C0586,2025-08-29,3590.0,Store
O00837,C0363,2025-11-16,816.0,Online
O00838,C0065,2025-08-05,4678.0,Online
O00839,C0461,2025-04-01,4375.0,Store
O00840,C0689,2025-04-29,1997.0,Store
O00841,,2025-11-10,3246.0,Online
O00842,C0258,2025-08-01,896.0,Store
O00843,C0799,2025-09-15,3311.0,Online
O00844,C0001,2025-11-14,2429.0,Online
O00845,C0910,2025-08-24,811.0,Online
O00846,C0252,2025-03-14,2386.0,Online
,C0321,2024-12-01,214.0,Online
O00848,C0458,2025-06-01,3936.0,Store
O00849,C0934,2025-08-26,953.0,Store
O00850,C0414,2025-06-09,,Online
O00851,C0740,2024-11-20,1404.0,Store
O00852,C0319,2025-07-22,4421.0,Online
O00853,C0012,2025-04-11,1550.0,Store
O00854,C0191,2025-09-24,2080.0,Online
,C0764,2025-07-28,1883.0,Online
O00856,C0960,2025-05-28,4974.0,
O00857,C0811,2025-09-22,,Online
O00858,C0343,,,Store
O00859,C0266,2025-04-18,1825.0,Store
O00860,C0684,2025-01-19,3787.0,Store
O00861,C0852,2025-05-30,4595.0,Online
O00862,C0812,2025-07-18,339.0,Store
O00863,C0592,2025-05-01,378.0,
O00864,C0843,2025-10-03,3132.0,Store
O00865,C0254,2025-03-23,1359.0,Store
,C0286,2025-05-24,,Store
O00867,,2025-05-29,1350.0,Store
O00868,C0694,2025-08-06,2324.0,Store
O00869,C0636,2025-05-16,4867.0,Online
O00870,C0391,2025-04-04,2206.0,Online
O00871,C0577,2025-07-04,1376.0,Store
O00872,C0503,2025-11-07,,Store
O00873,C0891,2025-08-13,2490.0,Online
O00874,C0867,2025-08-21,4422.0,Online
O00875,,2025-09-19,2897.0,Store
O00876,C0087,2025-03-12,1707.0,Store
O00877,C0160,2025-05-30,,Online
O00878,C0722,2025-10-05,461.0,Online
O00879,C0588,2025-01-22,3937.0,Store
O00880,C0958,2025-04-19,3333.0,Store
O00881,C0805,,312.0,Online
O00882,C0089,2025-01-14,3194.0,Online
O00883,C0017,2025-07-07,1239.0,Online
O00884,C0859,2025-02-19,2138.0,Online
O00885,C0566,,2405.0,
O00886,C0429,2025-07-31,1547.0,Store
O00887,C0434,2025-11-16,4488.0,Store
O00888,C0659,2025-02-24,3879.0,Store
O00889,C0009,2025-01-14,672.0,Store
O00890,C0146,,4384.0,Online
O00891,C0686,2025-03-29,910.0,Store
O00892,C0958,,694.0,Online
O00893,C0677,2025-09-17,2550.0,Online
O00894,C0761,2025-09-30,216.0,Store
O00895,C0786,2025-05-01,4903.0,Online
O00896,C0901,2025-09-15,4305.0,
O00897,C0170,2025-04-21,1211.0,Store
O00898,C0571,2025-04-01,4405.0,Store
,C0878,2025-07-29,815.0,Store
O00900,C0619,2025-08-11,,Store
O00901,,2025-02-21,3916.0,Store
O00902,C0622,2025-08-29,3647.0,Online
O00903,C0235,2025-09-27,4032.0,Store
O00904,C0339,2024-12-20,2904.0,Store
O00905,C0556,2025-05-02,3445.0,Store
,C0371,,4229.0,
O00907,C0767,2024-11-23,4262.0,Store
O00908,C0318,2025-05-31,4000.0,Store
O00909,C0252,2024-12-17,4111.0,Store
O00910,C0220,2025-10-12,3924.0,Store
O00911,C0368,2024-11-20,3742.0,Online
O00912,C0552,2025-06-09,4658.0,Online
O00913,C0895,2024-11-25,,Store
O00914,C0557,2025-07-28,2491.0,Store
O00915,C0023,2025-03-06,2152.0,Online
O00916,C0399,2025-07-03,3209.0,Store
O00917,C0488,2024-11-21,443.0,Store
O00918,C0016,2025-05-29,441.0,Online
O00919,C0001,2024-12-04,3025.0,Online
O00920,,2025-06-09,1380.0,Online
,C0319,2024-12-03,2913.0,Store
O00922,C0847,2025-01-28,974.0,Store
O00923,C0273,2025-01-01,4901.0,
O00924,C0289,2025-02-26,2646.0,Store
O00925,C0505,2025-04-27,3569.0,
O00926,C0051,2025-05-21,2335.0,Store
O00927,C0427,2025-11-05,1178.0,Store
O00928,C0138,2025-08-22,3771.0,Online
O00929,C0617,2025-05-04,930.0,Online
O00930,C0815,2025-05-15,1346.0,Store
O00931,C0123,2024-12-07,2743.0,
O00932,C0245,2025-06-28,1114.0,Store
O00933,C0821,2025-08-02,1053.0,Store
O00934,C0929,2025-08-19,4210.0,Store
O00935,C0450,2025-10-24,3787.0,
O00936,C0858,2025-02-28,2667.0,Online
O00937,C0335,,1833.0,Store
O00938,C0156,2025-03-15,496.0,
O00939,C0932,2025-07-17,4332.0,Online
O00940,C0816,2025-08-01,3713.0,Online
O00941,C0748,2025-07-30,3025.0,Online
O00942,C0587,2024-12-25,1769.0,Store
O00943,C0744,,2467.0,Online
O00944,C0424,2025-03-25,1438.0,Store
O00945,C0111,2024-11-30,1072.0,
O00946,C0258,,,Online
O00947,C0959,2025-07-26,2559.0,Store
O00948,,2025-08-12,2034.0,Online
O00949,C0207,2025-06-21,530.0,
O00950,C0872,2025-06-08,1393.0,Online
O00951,C0933,2025-10-09,4626.0,Online
O00952,C0603,2025-04-14,1307.0,Store
O00953,C0876,2025-01-06,3261.0,Online
O00954,C0497,2025-11-17,2210.0,Online
O00955,C0136,2025-09-03,4861.0,Store
O00956,C0683,2025-08-30,3213.0,Store
O00957,C0670,2025-11-16,,Store
O00958,C0059,2025-03-30,4818.0,
O00959,C0797,2025-06-07,4878.0,
O00960,C0691,2025-01-07,4875.0,Store
O00961,C0963,2025-03-26,2379.0,Online
O00962,C0218,2025-05-25,1668.0,Online
O00963,C0670,2024-11-29,3334.0,Store
O00964,C0889,2024-11-18,4605.0,Online
O00965,C0329,2025-06-27,3469.0,Online
O00966,C0816,2025-07-02,3119.0,Store
O00967,C0328,2025-10-09,1109.0,Online
O00968,,2025-10-02,2251.0,Store
O00969,C0570,2025-08-28,942.0,
O00970,C0238,2025-02-18,1561.0,Online
O00971,C0171,2025-10-23,3190.0,Store
O00972,C0538,2025-07-27,1997.0,Store
O00973,C0874,2025-05-05,4208.0,Online
O00974,C0365,2025-09-23,812.0,Online
O00975,C0628,,1777.0,Online
O00976,C0923,2025-04-30,4463.0,Online
O00977,C0750,,1576.0,Online
O00978,C0035,2025-11-15,2834.0,
O00979,C0702,2025-09-07,3263.0,Online
,C0024,,1109.0,Store
O00981,C0725,2025-10-07,3043.0,Store
O00982,C0917,2025-01-12,2934.0,Store
O00983,,2025-09-08,3952.0,Online
O00984,C0506,2025-11-12,814.0,Online
O00985,C0228,2025-03-01,937.0,Store
O00986,C0443,2025-07-05,2040.0,Online
O00987,C0325,2025-02-27,1559.0,Store
O00988,C0885,2025-06-16,4340.0,Online
O00989,C0899,2025-01-04,4919.0,Store
O00990,,2025-11-11,3277.0,Store
O00991,C0433,2025-03-13,993.0,Store
O00992,C0582,2025-03-26,1835.0,Store
O00993,C0352,2025-04-27,2025.0,Store
O00994,C0153,,1718.0,Store
O00995,C0984,2025-06-20,1029.0,Online
O00996,C0115,2025-11-08,2270.0,Store
O00997,,2025-04-04,2684.0,Online
O00998,C0483,2025-06-25,3061.0,Store
O00999,C0155,2025-02-23,1759.0,Store
O01000,C0238,2025-11-02,3813.0,Online
O01001,,2024-11-27,1131.0,Online
O01002,C0381,2024-11-27,4924.0,Online
O01003,C0809,2024-12-30,778.0,Online
O01004,C0397,2025-07-10,212.0,Store
O01005,C0296,,2030.0,Store
O01006,C0142,2025-10-30,3343.0,Online
O01007,C0797,2024-12-31,427.0,Store
O01008,C0913,2025-10-22,1166.0,Store
,C0575,2025-10-01,1220.0,Online
O01010,C0008,2024-12-01,968.0,Store
O01011,C0432,2025-08-01,2080.0,Store
O01012,C0359,,117.0,Store
O01013,C0375,2025-02-12,530.0,Store
O01014,C0144,2024-12-29,1552.0,Online
O01015,C0338,2025-05-18,590.0,Online
O01016,C0603,2025-04-07,2371.0,Online
,C0962,2025-07-09,3464.0,Online
O01018,C0601,2025-04-04,358.0,Online
O01019,C0016,,1108.0,Store
O01020,C0508,2024-11-17,3630.0,Online
O01021,C0004,2025-11-02,4675.0,Online
O01022,C0907,2025-10-04,4192.0,Store
O01023,C0081,2024-11-28,261.0,Store
O01024,C0680,2025-05-19,1087.0,Store
O01025,C0449,2025-08-14,268.0,Store
O01026,C0369,2024-12-09,650.0,Store
O01027,C0668,2025-08-23,,Store
O01028,C0660,2025-02-26,2984.0,Store
O01029,,2024-12-25,4817.0,Store
O01030,C0762,2025-11-06,4068.0,Store
O01031,C0089,2025-03-02,1072.0,Online
O01032,C0586,2025-04-06,4319.0,Store
O01033,C0823,2025-04-03,1278.0,Store
O01034,C0553,2025-01-22,4576.0,Online
O01035,C0859,2025-02-18,1708.0,Online
O01036,C0154,2025-05-18,1058.0,Online
O01037,C0234,2025-06-09,190.0,Online
,C0595,,,Store
O01039,C0571,2025-03-14,1494.0,Online
O01040,C0132,2024-12-16,4160.0,Online
O01041,C0842,2025-05-19,4246.0,Store
O01042,C0801,,4019.0,Store
O01043,C0141,2025-10-08,4828.0,Online
O01044,C0679,2025-04-24,2369.0,Online
O01045,C0660,2025-08-18,3922.0,Store
O01046,C0911,2025-02-15,3669.0,Online
O01047,C0900,2025-01-14,3818.0,Store
O01048,C0921,2024-11-17,4583.0,Store
,C0153,2025-06-23,3792.0,Online
O01050,C0258,2025-05-31,860.0,
O01051,C0584,2025-07-21,1927.0,Online
O01052,C0620,2025-01-19,1482.0,Store
O01053,C0432,2025-10-20,905.0,Online
O01054,C0337,2025-04-06,509.0,Online
O01055,,2025-09-11,457.0,Online
O01056,C0255,2025-07-12,4041.0,Online
O01057,C0034,2025-04-13,3243.0,Store
,C0592,2025-04-19,4670.0,Store
O01059,C0815,2025-01-19,1635.0,Online
O01060,,2024-12-26,1887.0,Online
,C0360,2025-10-12,3518.0,Online
O01062,,2024-11-18,4281.0,Store
O01063,C0726,2025-01-02,150.0,Online
O01064,C0066,2025-03-29,306.0,Store
O01065,C0308,2025-01-19,2053.0,Store
O01066,C0484,2025-10-09,3978.0,Online
O01067,C0225,2025-05-21,2198.0,Store
O01068,C0643,2025-07-24,3104.0,Online
O01069,C0882,2025-10-16,2122.0,Online
O01070,C0222,2025-02-24,3340.0,Online
O01071,C0125,2025-01-21,2577.0,Store
O01072,C0075,2025-01-07,615.0,Store
O01073,C0493,2025-08-08,278.0,Store
O01074,,2025-07-19,3719.0,Store
O01075,C0692,,3362.0,Online
O01076,C0071,2025-03-07,976.0,Store
O01077,C0568,2025-09-21,4616.0,Online
O01078,C0825,2025-10-22,2066.0,Store
O01079,C0271,2025-03-29,1809.0,Store
O01080,C0745,2025-07-14,259.0,Store
O01081,C0612,2025-01-17,2034.0,Online
O01082,C0974,2025-07-11,1715.0,Online
O01083,C0131,2025-08-12,2498.0,Store
O01084,,2025-04-08,3094.0,Store
O01085,C0396,2024-12-11,3504.0,Online
O01086,C0884,2025-01-24,1562.0,Online
O01087,C0959,2025-03-09,3510.0,Store
O01088,,2025-07-01,146.0,Online
O01089,C0255,2025-10-27,364.0,Online
O01090,C0528,2025-01-19,1728.0,Store
O01091,C0829,2025-05-02,693.0,Store
O01092,C0510,2025-10-14,3575.0,Store
O01093,C0513,2025-03-29,3675.0,Store
O01094,C0658,2025-06-08,764.0,Online
O01095,C0695,2025-07-09,208.0,Online
O01096,C0821,2025-03-22,2409.0,
,C0216,2025-02-05,1946.0,Online
,C0913,2025-04-12,3950.0,Store
O01099,C0672,2025-08-19,1940.0,Online
O01100,C0738,2025-07-08,,Store
O01101,,2025-07-16,4390.0,Store
O01102,C0964,2024-12-22,2975.0,Online
O01103,C0899,,4963.0,Online
O01104,C0507,2025-09-07,2331.0,Online
O01105,C0163,2025-03-09,4168.0,Online
O01106,C0970,2025-10-05,3456.0,Store
O01107,C0865,,3105.0,Online
O01108,C0921,2025-08-10,3737.0,Online
O01109,C0980,2025-08-27,3993.0,Store
O01110,C0676,2025-11-12,2719.0,Online
O01111,C0384,2025-03-13,916.0,Online
O01112,C0569,2024-12-20,1736.0,Store
,C0423,2025-03-12,1167.0,Online
O01114,C0681,,,Store
O01115,C0081,,4250.0,
O01116,C0525,2025-07-25,3820.0,Store
,C0619,2025-11-16,1805.0,Store
O01118,C0451,2025-02-18,3466.0,Online
O01119,C0526,2025-07-01,390.0,Store
O01120,,2025-02-17,2367.0,Store
O01121,C0804,2025-02-20,1095.0,Store
O01122,C0759,2024-12-13,1245.0,Online
O01123,C0639,2025-08-07,641.0,Online
O01124,,2025-08-16,2706.0,Store
O01125,C0820,2025-09-08,3753.0,Online
O01126,C0995,2025-02-12,2880.0,Online
O01127,C0846,2025-09-07,1430.0,Store
O01128,C0367,2024-12-03,3732.0,
O01129,C0989,2024-12-10,1315.0,Online
O01130,C0629,2025-09-03,2747.0,Store
O01131,C0160,2025-08-01,2047.0,
O01132,C0137,2025-07-06,3034.0,Online
O01133,C0456,2024-12-20,2762.0,Online
O01134,C0940,2025-10-04,1508.0,Online
O01135,C0023,2024-12-25,2207.0,Online
O01136,C0610,2025-08-30,485.0,Store
O01137,C0680,2025-11-09,,Store
O01138,C0220,2025-05-02,1897.0,Store
O01139,C0176,2025-02-14,1771.0,Online
O01140,C0046,2025-08-23,2951.0,
O01141,C0746,2025-03-08,3011.0,Store
,C0408,2025-06-04,4712.0,Store
O01143,C0528,2024-12-26,1512.0,Online
O01144,C0634,2025-08-25,4605.0,Store
O01145,C0602,2025-09-25,2490.0,Online
O01146,C0162,2024-12-26,584.0,Store
O01147,C0306,,182.0,Store
O01148,C0276,2025-05-02,1384.0,Store
O01149,C0039,2025-01-21,2038.0,Online
O01150,C0936,2025-11-14,2377.0,Online
O01151,C0031,2025-08-19,2083.0,Online
O01152,C0054,2025-01-21,843.0,Store
O01153,C0239,2025-11-05,2647.0,Online
O01154,C0156,2025-09-07,4747.0,Online
O01155,C0532,2025-04-21,2165.0,Online
,C0438,2025-06-27,1481.0,Online
O01157,,2025-01-28,3299.0,Store
O01158,C0874,2025-08-12,1542.0,Store
O01159,C0167,2025-06-05,846.0,Store
O01160,C0314,2025-10-25,3094.0,Online
O01161,C0952,2025-08-28,4175.0,
,C0697,2025-08-04,3234.0,Online
O01163,C0122,2024-12-22,4306.0,Store
O01164,C0212,2025-11-17,605.0,Store
O01165,C0575,2025-04-24,4772.0,Online
O01166,C0601,2025-04-05,4058.0,Store
O01167,C0182,2024-12-24,250.0,Online
O01168,C0810,2025-10-15,3179.0,Online
O01169,C0477,2025-08-15,417.0,Store
O01170,C0472,2025-06-30,4955.0,
O01171,C0454,2025-11-10,3006.0,Online
O01172,C0553,2025-03-16,2113.0,Store
O01173,C0905,2025-02-28,2559.0,Online
O01174,C0209,2024-12-05,1859.0,Store
O01175,,2025-07-29,746.0,Online
O01176,C0429,2025-11-12,3538.0,Online
O01177,C0523,2025-08-30,1846.0,
O01178,C0512,2025-02-10,1087.0,Online
O01179,C0596,2025-09-10,3348.0,Online
O01180,,2025-06-09,838.0,Online
O01181,C0198,2024-12-16,2977.0,Store
O01182,C0893,2024-11-22,4365.0,Online
O01183,C0989,2025-03-20,2822.0,Store
O01184,,2025-11-02,2205.0,Store
O01185,C0176,2024-11-25,291.0,Store
O01186,C0181,2025-08-12,1603.0,Store
O01187,C0028,2025-08-04,353.0,Online
O01188,C0382,2025-02-22,1012.0,Online
O01189,C0809,2025-07-13,1411.0,Store
O01190,C0627,2025-05-09,3814.0,Store
,C0986,2025-06-24,1084.0,Store
O01192,C0495,2025-07-10,4579.0,Online
O01193,C0671,2025-10-30,4235.0,Store
O01194,C0116,2025-01-11,244.0,Online
O01195,C0346,2025-05-15,3976.0,Store
O01196,C0846,2024-12-13,3005.0,Store
O01197,C0263,2025-02-06,2763.0,Store
O01198,C0194,2025-08-22,4448.0,Store
O01199,C0605,2025-04-01,4057.0,Store
O01200,C0614,2025-06-15,2296.0,Online
O01201,C0417,2025-06-13,3857.0,Online
,C0487,2025-03-12,526.0,Online
O01203,C0362,2025-04-20,4708.0,Store
O01204,C0090,2025-05-21,2081.0,Online
O01205,C0213,2025-10-21,103.0,Store
O01206,C0092,2024-11-21,1810.0,Store
O01207,C0539,2025-04-05,1373.0,Online
O01208,C0166,2025-03-31,138.0,Online
O01209,C0327,2025-03-13,4695.0,Online
O01210,C0119,2025-09-19,,Online
O01211,C0595,2024-12-25,4267.0,Online
O01212,C0745,2025-09-09,3032.0,Online
O01213,C0417,2025-08-30,2098.0,Online
O01214,C0145,2025-06-16,3149.0,Online
O01215,C0239,,1906.0,Store
O01216,C0265,2025-03-08,4053.0,Store
O01217,C0222,2025-06-15,4923.0,Online
O01218,C0542,2025-10-22,3599.0,Online
O01219,C0876,2025-08-24,3920.0,Store
O01220,C0358,2024-12-21,2607.0,Store
O01221,C0976,2025-01-24,1684.0,Online
O01222,,2025-02-27,1636.0,Store
O01223,C0171,2025-08-05,4061.0,Online
O01224,C0989,,3761.0,Store
O01225,C0508,,3674.0,Online
O01226,,2025-05-07,2976.0,Online
O01227,C0663,2025-05-22,941.0,Online
O01228,C0171,2025-06-21,1264.0,Store
O01229,C0888,2025-10-19,1528.0,Online
O01230,C0011,2024-12-24,2446.0,Online
O01231,C0777,2025-04-11,573.0,Store
O01232,C0041,2025-06-04,1256.0,Online
O01233,C0257,2025-11-04,2540.0,Store
O01234,C0429,2025-02-20,1921.0,Online
O01235,C0194,2025-10-31,550.0,Store
O01236,C0590,2025-08-15,3268.0,Online
O01237,C0398,2025-10-12,2956.0,Online
O01238,C0573,2025-02-09,4735.0,Online
O01239,C0202,2025-06-17,3830.0,
O01240,C0930,2025-11-17,3971.0,Online
O01241,,2025-07-03,2386.0,Store
O01242,C0294,2025-09-22,3807.0,Online
O01243,C0742,2024-11-28,4912.0,Online
O01244,C0452,2025-07-16,288.0,Online
O01245,C0266,2025-03-08,2826.0,Store
O01246,C0893,2024-12-02,2986.0,Store
O01247,C0798,2024-12-06,1694.0,Store
O01248,C0453,2025-09-02,423.0,Online
O01249,C0122,2025-11-10,3381.0,Store
O01250,C0815,2025-04-19,3979.0,Online
O01251,C0206,2025-09-23,3130.0,Online
O01252,C0618,2025-03-02,3468.0,Online
O01253,C0340,2025-08-26,1157.0,Online
O01254,C0096,2025-04-04,2099.0,
O01255,C0640,2025-10-06,1022.0,Online
O01256,C0258,2024-12-13,3509.0,Store
O01257,C0566,2025-10-19,2980.0,Online
O01258,C0466,2025-03-09,4659.0,Store
O01259,C0995,2025-09-07,1690.0,
O01260,C0078,2024-11-24,519.0,
,,2025-03-23,2252.0,Store
O01262,C0151,2025-07-23,2250.0,Online
O01263,C0084,2025-08-19,,
O01264,C0012,2025-02-07,3296.0,Store
O01265,C0361,2025-05-21,1547.0,Store
O01266,C0596,2025-01-02,1023.0,Online
O01267,C0063,2025-03-20,898.0,Store
,,2025-09-05,239.0,Online
O01269,,2025-11-05,257.0,Store
O01270,C0716,2025-04-22,4295.0,Store
O01271,C0543,2024-11-24,2671.0,Store
O01272,C0603,2025-06-15,2393.0,Store
O01273,,,3984.0,Store
O01274,C0760,2025-07-27,4415.0,Store
O01275,C0929,,4390.0,Store
O01276,C0360,2025-02-27,4622.0,Online
O01277,C0308,2025-04-23,2723.0,Online
O01278,C0736,2025-09-20,1559.0,Store
O01279,C0930,2025-03-15,,Store
O01280,C0749,2025-02-09,3402.0,
O01281,C0318,2025-05-17,,Online
O01282,C0710,2025-08-12,4626.0,Online
O01283,C0906,,2190.0,Online
O01284,C0549,2025-07-10,,Online
O01285,C0304,2025-04-11,2821.0,Online
O01286,C0979,2025-05-01,4562.0,Online
O01287,C0119,2025-02-17,3341.0,Online
O01288,C0082,2025-04-20,208.0,Store
O01289,C0591,2025-05-08,387.0,Store
O01290,C0214,,159.0,Online
O01291,C0985,2025-10-27,3608.0,Online
O01292,C0024,2025-05-21,816.0,Online
O01293,C0545,2025-01-03,3869.0,Store
O01294,C0756,2025-11-06,4734.0,Store
O01295,C0281,2025-03-30,4366.0,Store
O01296,C0542,2025-08-31,2477.0,Store
O01297,C0299,2025-03-30,259.0,Store
O01298,C0524,2024-12-02,104.0,Online
O01299,C0081,2024-11-25,1027.0,Online
O01300,C0161,2025-03-19,2864.0,Store
O01301,C0178,2025-04-01,956.0,Online
O01302,C0286,2025-06-07,2596.0,Store
O01303,C0931,2025-03-24,2380.0,Store
O01304,C0494,2025-03-11,3519.0,Online
O01305,C0033,2025-01-12,134.0,Store
O01306,C0907,2025-03-30,420.0,Store
O01307,C0640,2025-07-23,833.0,Online
O01308,C0787,2025-06-09,2267.0,Online
O01309,C0553,2025-09-27,1456.0,Online
O01310,C0475,2025-06-22,2125.0,Online
O01311,C0012,2025-07-06,3285.0,Store
O01312,C0150,2024-12-19,1753.0,Store
O01313,C0444,2025-08-18,1623.0,Store
O01314,C0498,2024-11-22,,Store
O01315,C0898,2025-07-29,4685.0,Online
O01316,C0466,2025-09-03,3093.0,Store
O01317,C0129,2025-07-24,3079.0,
O01318,C0600,2025-02-18,2386.0,Store
O01319,C0463,2025-04-29,376.0,Store
O01320,C0244,2025-10-25,3368.0,Store
O01321,C0048,2025-06-21,3733.0,Store
O01322,,2025-07-17,830.0,Online
O01323,C0434,2025-09-17,1498.0,Store
,C0608,2025-10-13,3835.0,Online
O01325,C0462,2025-11-14,2967.0,Online
O01326,C0572,2025-04-30,4542.0,Online
O01327,C0981,2025-02-16,,Online
O01328,C0836,2025-05-06,1619.0,Store
O01329,C0093,2025-01-25,,Store
O01330,C0011,2025-05-15,3625.0,Online
O01331,C0516,2025-08-21,4488.0,Store
O01332,C0361,2025-08-09,4950.0,Online
O01333,C0819,2024-11-28,2315.0,Online
O01334,C0426,,1633.0,Store
O01335,C0030,2025-03-08,2563.0,
O01336,C0340,2025-06-13,3814.0,Store
O01337,C0594,,1762.0,Store
O01338,C0548,2025-05-13,771.0,Store
O01339,C0871,2024-12-20,3130.0,Online
O01340,C0685,2025-07-31,2670.0,Online
,C0115,2025-06-25,1935.0,
O01342,C0432,2025-01-12,4081.0,Store
O01343,C0708,,,Store
O01344,C0986,2025-05-13,1969.0,Store
O01345,C0286,2025-10-01,,Store
O01346,C0120,2025-05-10,3992.0,Store
O01347,C0512,2025-09-01,2291.0,Store
O01348,,2025-04-17,1820.0,Online
O01349,C0342,2025-11-02,864.0,Online
O01350,C0608,2025-01-16,150.0,Store
O01351,C0630,2025-05-20,4149.0,Online
O01352,C0632,2025-07-08,4089.0,Store
O01353,C0172,2025-06-15,1683.0,Store
O01354,C0247,2025-08-04,4399.0,Online
,C0126,2025-08-13,4977.0,Store
O01356,C0166,2025-10-04,1576.0,Online
O01357,C0476,2025-07-23,1983.0,Store
O01358,C0760,2025-04-24,803.0,Store
O01359,C0723,2025-07-16,1358.0,Online
O01360,C0834,2025-01-16,2767.0,Store
O01361,C0855,2025-10-25,3587.0,Store
O01362,C0357,2025-01-07,111.0,Store
O01363,,2025-01-27,1169.0,Store
O01364,C0966,2025-03-22,1398.0,Store
O01365,C0712,2025-10-03,3546.0,Online
O01366,C0600,2025-05-17,4282.0,Store
O01367,C0362,2025-06-20,4184.0,Store
O01368,C0609,2025-04-29,874.0,Online
,C0995,2025-08-11,1250.0,Online
,C0924,2025-07-27,4996.0,Online
O01371,C0639,2025-06-05,1265.0,Online
O01372,C0169,2024-12-21,1275.0,Store
O01373,,2024-12-02,738.0,Store
O01374,C0009,2025-05-20,1577.0,Online
O01375,C0018,2025-02-04,254.0,Online
O01376,C0781,2025-03-28,2383.0,Online
O01377,C0420,2025-01-25,3586.0,
O01378,C0492,2025-07-18,2971.0,Online
O01379,C0950,,3132.0,Store
O01380,C0050,2025-07-10,3259.0,Online
O01381,C0397,2025-04-09,860.0,Store
O01382,C0273,2025-04-20,3973.0,Online
O01383,C0224,2025-02-09,1891.0,Online
,C0997,2025-11-07,2154.0,Online
,C0381,,2183.0,Online
O01386,C0937,2025-09-16,1236.0,Online
O01387,C0226,2024-11-20,1821.0,Online
O01388,C0093,2025-01-01,730.0,Online
O01389,C0129,2025-06-13,1845.0,Store
O01390,C0005,2025-10-29,1370.0,Store
O01391,,,1651.0,Online
O01392,C0589,2025-10-03,1240.0,Online
O01393,C0591,2025-10-06,1815.0,Store
O01394,C0698,,2501.0,Store
,C0765,2025-06-01,1138.0,Store
O01396,C0155,,2403.0,Store
O01397,C0609,2025-01-14,551.0,Store
O01398,C0127,2025-02-22,4862.0,Online
O01399,C0986,2025-08-30,1541.0,Online
O01400,C0686,2024-12-29,2946.0,Online
O01401,C0457,2025-10-03,477.0,Store
O01402,C0634,2025-04-02,3666.0,Online
O01403,C0646,2025-11-02,3834.0,Store
O01404,C0543,2025-02-06,1801.0,Store
O01405,C0809,2025-09-18,4972.0,Store
O01406,C0492,2025-07-27,2583.0,Store
O01407,C0222,2025-09-25,3602.0,Online
O01408,C0464,2025-10-24,3525.0,Online
O01409,C0825,2025-03-06,2237.0,
,C0956,2025-06-06,2040.0,Online
O01411,C0568,2025-09-02,125.0,Online
O01412,C0502,2025-05-15,3742.0,Online
O01413,C0335,2025-01-05,2273.0,Store
O01414,C0717,2025-07-27,2709.0,Store
O01415,C0664,2025-05-01,4296.0,Online
O01416,C0122,,1655.0,Store
O01417,C0748,,2890.0,Online
O01418,C0524,2025-06-30,4837.0,Store
O01419,C0133,2025-08-09,4439.0,Online
,C0651,2024-12-02,500.0,
O01421,,2025-03-30,458.0,Store
O01422,C0972,2024-11-21,2589.0,Store
O01423,C0861,,1475.0,Store
O01424,C0384,2025-05-24,4772.0,Online
O01425,C0953,2025-05-12,4068.0,Store
O01426,C0747,2025-10-17,1913.0,Online
O01427,C0710,2025-03-07,125.0,Online
O01428,C0054,2025-08-11,3743.0,Online
O01429,C0488,2025-01-23,1145.0,
O01430,C0871,2025-05-16,2023.0,Online
O01431,C0681,2025-02-13,3686.0,Store
O01432,C0283,2025-08-09,933.0,Online
,C0704,2025-02-19,3627.0,Store
O01434,C0163,2025-07-09,3004.0,Store
O01435,,2025-07-24,946.0,Store
O01436,C0840,2025-09-17,1202.0,Online
O01437,C0088,2025-01-27,485.0,Online
O01438,C0749,2024-12-12,1678.0,
O01439,C0872,2024-12-23,1327.0,
O01440,C0196,2025-10-06,4151.0,Store
O01441,C0421,2025-06-06,3886.0,Online
O01442,C0012,,2274.0,Store
O01443,,2025-04-19,,Store
O01444,C0120,2025-03-28,3029.0,Store
O01445,C0713,2025-04-17,2141.0,Store
O01446,C0592,2025-09-30,1204.0,Store
O01447,C0385,2025-10-04,3594.0,Store
O01448,,2025-10-09,4389.0,Store
O01449,,2025-09-14,1495.0,Online
O01450,C0651,2025-06-26,505.0,Online
O01451,C0484,2025-04-18,940.0,Online
O01452,C0712,2025-07-18,2076.0,Online
O01453,C0560,2025-01-31,3001.0,
,C0812,2025-11-17,3213.0,
,C0085,2024-12-22,2593.0,Online
O01456,C0584,2024-11-28,2061.0,Online
O01457,C0320,2025-04-28,4861.0,Online
O01458,C0586,2024-12-24,4607.0,Online
O01459,C0071,2024-11-26,297.0,Online
O01460,C0746,2025-09-27,707.0,
O01461,C0286,2025-08-29,3737.0,Online
O01462,C0375,2025-06-09,2030.0,Store
O01463,C0620,2025-06-27,3520.0,Online
O01464,C0880,2025-04-12,,Store
O01465,C0116,2025-04-13,1656.0,Store
O01466,C0482,2025-06-02,2083.0,Store
O01467,C0222,2025-11-01,486.0,Store
,C0803,2025-02-22,4937.0,Store
O01469,C0351,2025-04-02,1768.0,Store
O01470,C0296,2025-10-29,1816.0,Store
O01471,C0304,2025-11-07,3813.0,Online
O01472,C0468,2025-03-08,3715.0,
O01473,,2025-08-25,1622.0,Online
O01474,C0645,2025-01-10,967.0,Online
O01475,C0011,2025-10-23,1073.0,Online
O01476,C0714,2024-12-02,2895.0,Online
O01477,C0515,2024-12-19,1681.0,Store
O01478,,2025-03-18,2857.0,Store
O01479,C0715,2025-01-12,1589.0,Store
O01480,C0666,2025-05-05,543.0,Store
O01481,C0510,2025-10-09,3021.0,Store
O01482,C0567,2025-09-17,4627.0,Store
O01483,C0517,,4939.0,Online
O01484,C0169,2024-12-15,,Store
O01485,C0693,2025-03-31,2360.0,Online
O01486,C0868,2025-10-18,4269.0,Online
O01487,C0111,2025-02-06,696.0,Store
O01488,C0341,2025-11-08,4683.0,Online
O01489,C0871,2025-06-25,326.0,Store
O01490,C0922,2024-12-22,3706.0,Store
O01491,C0880,2025-02-02,4116.0,Store
O01492,C0336,2025-04-17,528.0,Online
O01493,,2025-10-09,3644.0,Online
O01494,C0339,2025-01-20,3535.0,Store
O01495,C0431,2025-06-28,931.0,Store
O01496,C0899,2025-03-11,2637.0,Online
O01497,C0827,2025-02-26,4941.0,Store
O01498,C0491,2024-11-18,720.0,Store
O01499,C0116,2025-05-11,4324.0,Online
O01500,C0608,2025-02-15,4016.0,Online
