ticket_id,customer_id,category,status,created_date
T00001,C0676,Product,,2025-11-17
T00002,C0565,Product,Pending,2025-11-17
T00003,C0709,Product,Open,2025-11-17
T00004,C0345,Payment,Open,2025-11-17
T00005,C0264,,Open,2025-11-17
T00006,C0590,Product,Open,2025-11-17
T00007,C0234,Delivery,Pending,2025-11-17
T00008,C0292,Account,Open,2025-11-17
T00009,C0074,Account,Closed,2025-11-17
T00010,C0910,Account,Pending,
T00011,C0603,Payment,Closed,2025-11-17
T00012,,Product,Closed,
T00013,C0712,Delivery,Closed,2025-11-17
T00014,C0658,Delivery,Closed,2025-11-17
T00015,C0163,Product,Closed,2025-11-17
T00016,C0500,Product,Closed,2025-11-17
T00017,C0166,Payment,Open,2025-11-17
T00018,C0071,Account,Open,2025-11-17
T00019,C0456,Delivery,Closed,2025-11-17
T00020,C0756,Account,,2025-11-17
T00021,C0153,,,2025-11-17
T00022,C0137,Account,Pending,2025-11-17
T00023,C0384,Payment,Pending,2025-11-17
T00024,C0965,Account,Closed,2025-11-17
T00025,C0207,Delivery,Open,2025-11-17
T00026,C0159,Payment,Open,2025-11-17
T00027,C0407,Account,Open,2025-11-17
T00028,C0630,Product,Pending,2025-11-17
T00029,,Delivery,Closed,2025-11-17
T00030,C0469,Delivery,Pending,2025-11-17
T00031,C0205,Account,,2025-11-17
T00032,C0709,Account,Open,2025-11-17
T00033,C0446,Payment,Pending,2025-11-17
T00034,C0573,Delivery,Closed,2025-11-17
T00035,C0513,Account,Closed,2025-11-17
,C0101,Product,,2025-11-17
T00037,C0598,Account,Pending,2025-11-17
T00038,C0361,Account,Closed,
T00039,C0963,Account,Pending,2025-11-17
T00040,C0626,Delivery,Pending,2025-11-17
T00041,C0136,Delivery,Open,2025-11-17
T00042,C0746,Product,Pending,2025-11-17
,C0806,Payment,Pending,2025-11-17
T00044,C0139,Product,Closed,2025-11-17
T00045,,Account,Pending,2025-11-17
T00046,C0312,Delivery,Open,
T00047,C0428,Payment,Closed,2025-11-17
T00048,,,Open,2025-11-17
T00049,C0826,Product,Closed,2025-11-17
T00050,C0114,Delivery,Open,2025-11-17
T00051,C0551,,Open,2025-11-17
T00052,C0161,Account,Pending,2025-11-17
T00053,C0513,Product,Pending,2025-11-17
T00054,C0520,Account,Pending,2025-11-17
T00055,C0600,Delivery,,
T00056,,Payment,Open,2025-11-17
T00057,C0187,Product,Pending,2025-11-17
T00058,C0372,Product,Pending,2025-11-17
T00059,C0577,Payment,Pending,2025-11-17
,C0671,Account,Pending,2025-11-17
T00061,,Account,Pending,2025-11-17
T00062,C0966,Payment,Open,2025-11-17
T00063,C0404,Product,Closed,2025-11-17
T00064,C0373,,Closed,2025-11-17
T00065,C0077,Payment,Pending,2025-11-17
T00066,C0915,Payment,Open,2025-11-17
T00067,C0470,Payment,Closed,2025-11-17
T00068,C0755,Account,Closed,2025-11-17
T00069,C0137,Product,Open,
T00070,C0317,Delivery,Closed,2025-11-17
T00071,C0105,Payment,Open,2025-11-17
T00072,,,Pending,2025-11-17
T00073,C0577,Account,Open,2025-11-17
T00074,C0386,Product,Pending,
T00075,C0083,,Open,2025-11-17
T00076,C0991,,Pending,2025-11-17
T00077,C0076,Delivery,Closed,2025-11-17
T00078,C0798,Product,Closed,2025-11-17
T00079,C0706,Account,Pending,2025-11-17
T00080,C0414,Delivery,Pending,2025-11-17
T00081,C0617,Delivery,Closed,2025-11-17
T00082,C0542,Product,Open,2025-11-17
T00083,C0467,Delivery,,2025-11-17
T00084,C0933,Product,Pending,2025-11-17
T00085,C0567,Payment,Closed,2025-11-17
T00086,C0306,Delivery,Closed,2025-11-17
T00087,C0237,Payment,Closed,2025-11-17
T00088,C0539,Account,Open,2025-11-17
T00089,C0789,Product,Pending,2025-11-17
T00090,C0620,Account,Pending,
T00091,C0322,Account,Pending,2025-11-17
T00092,C0710,Account,Closed,2025-11-17
T00093,C0920,Delivery,Pending,2025-11-17
T00094,C0659,Product,,2025-11-17
T00095,C0629,Account,Closed,2025-11-17
T00096,C0173,Account,Open,2025-11-17
T00097,C0594,Product,Open,2025-11-17
T00098,C0538,Payment,Open,2025-11-17
T00099,,Payment,Open,2025-11-17
T00100,C0427,Product,Closed,2025-11-17
T00101,C0398,Delivery,Pending,2025-11-17
T00102,C0435,Account,,2025-11-17
T00103,C0484,Payment,Open,2025-11-17
T00104,C0589,Product,Open,2025-11-17
,C0613,Delivery,Pending,2025-11-17
T00106,C0462,Payment,Pending,
T00107,C0354,Delivery,Closed,2025-11-17
T00108,C0339,Payment,Pending,
T00109,C0325,Account,Pending,2025-11-17
T00110,,,Closed,2025-11-17
T00111,C0417,Account,Open,2025-11-17
T00112,C0351,Payment,Closed,2025-11-17
T00113,C0223,Product,Pending,2025-11-17
T00114,C0995,Payment,Closed,2025-11-17
T00115,C0740,Delivery,Pending,2025-11-17
,C0498,Product,Pending,2025-11-17
T00117,C0437,Account,Pending,2025-11-17
T00118,C0914,Account,Closed,2025-11-17
T00119,C0088,Delivery,Closed,2025-11-17
T00120,C0176,Delivery,,2025-11-17
,C0118,Product,Pending,2025-11-17
T00122,C0515,Delivery,Open,2025-11-17
,C0149,,Closed,
T00124,,Delivery,Open,2025-11-17
T00125,C0209,Product,Pending,2025-11-17
T00126,C0177,,Open,2025-11-17
T00127,C0581,Product,Open,2025-11-17
T00128,C0921,Account,Open,2025-11-17
T00129,C0354,Delivery,Closed,2025-11-17
T00130,C0895,,Closed,2025-11-17
T00131,C0469,Product,Open,2025-11-17
T00132,C0153,Account,Pending,2025-11-17
T00133,C0997,Product,Pending,2025-11-17
T00134,C0193,Product,Open,
T00135,C0351,Account,Closed,2025-11-17
T00136,C0932,Payment,Pending,2025-11-17
,C0027,Delivery,Closed,2025-11-17
T00138,C0451,,Open,2025-11-17
T00139,C0158,Delivery,Closed,2025-11-17
T00140,,Delivery,Pending,2025-11-17
T00141,C0766,,Open,2025-11-17
T00142,C0031,Delivery,Open,2025-11-17
T00143,C0089,Account,,2025-11-17
T00144,C0732,,Open,2025-11-17
T00145,C0179,Product,Open,2025-11-17
T00146,C0802,Payment,Closed,2025-11-17
T00147,C0279,Account,Closed,
T00148,C0854,Account,Open,
T00149,C0289,Product,Closed,2025-11-17
T00150,C0141,Product,,2025-11-17
T00151,C0063,Account,Open,2025-11-17
T00152,C0067,Payment,Open,2025-11-17
,C0974,Delivery,Closed,2025-11-17
T00154,,Product,,2025-11-17
T00155,C0156,Account,Closed,2025-11-17
T00156,C0284,Product,Open,2025-11-17
T00157,C0974,Product,Pending,2025-11-17
T00158,C0438,Product,Closed,
T00159,C0790,Account,Open,2025-11-17
T00160,C0683,Payment,Closed,2025-11-17
T00161,C0390,Delivery,Open,2025-11-17
T00162,C0696,Account,Closed,2025-11-17
T00163,C0585,Account,Pending,2025-11-17
T00164,C0640,Product,Closed,2025-11-17
T00165,C0217,Delivery,,2025-11-17
T00166,C0215,Delivery,Pending,2025-11-17
T00167,C0072,Account,Pending,2025-11-17
T00168,C0687,Account,Open,2025-11-17
,C0090,,Pending,2025-11-17
T00170,C0417,Payment,Closed,2025-11-17
T00171,C0809,Delivery,Open,2025-11-17
T00172,C0053,Delivery,Open,2025-11-17
T00173,C0696,Delivery,Pending,2025-11-17
T00174,C0150,Account,Open,2025-11-17
T00175,C0760,Product,Pending,
T00176,C0426,Account,Pending,2025-11-17
T00177,,,Open,2025-11-17
T00178,,Delivery,,2025-11-17
,C0381,Product,Pending,2025-11-17
T00180,C0643,Product,Open,2025-11-17
T00181,C0089,,Open,2025-11-17
T00182,C0878,Payment,Closed,2025-11-17
T00183,,,Pending,2025-11-17
T00184,C0767,Account,,
T00185,C0080,Account,Closed,2025-11-17
,C0075,Payment,Open,2025-11-17
T00187,C0539,Payment,Pending,2025-11-17
T00188,C0348,Delivery,Pending,2025-11-17
T00189,C0500,,Closed,2025-11-17
T00190,C0219,Account,Pending,2025-11-17
T00191,C0603,Product,Pending,2025-11-17
T00192,C0263,Payment,Closed,2025-11-17
T00193,C0427,Payment,Closed,2025-11-17
T00194,C0259,Account,Open,2025-11-17
T00195,C0917,Product,Closed,2025-11-17
T00196,,Delivery,Pending,2025-11-17
T00197,C0993,Delivery,Closed,2025-11-17
T00198,C0580,,,
T00199,C0080,Product,Open,2025-11-17
T00200,C0911,Account,Pending,2025-11-17
T00201,C0555,Delivery,Open,2025-11-17
T00202,C0756,Account,Pending,2025-11-17
T00203,C0658,Product,Open,2025-11-17
T00204,C0837,Delivery,Pending,2025-11-17
T00205,C0930,Product,Closed,
T00206,C0066,,Pending,2025-11-17
T00207,C0825,Payment,Open,2025-11-17
T00208,C0723,Payment,Pending,2025-11-17
T00209,,Payment,Pending,2025-11-17
T00210,C0234,Payment,Open,2025-11-17
T00211,C0148,Account,Open,
T00212,C0047,Delivery,Pending,2025-11-17
T00213,C0140,Product,Pending,2025-11-17
T00214,C0389,Delivery,Closed,2025-11-17
T00215,C0281,Delivery,Open,2025-11-17
T00216,C0708,Product,Pending,2025-11-17
T00217,C0476,Product,Pending,2025-11-17
T00218,C0471,Account,Closed,2025-11-17
T00219,C0072,Delivery,Closed,2025-11-17
T00220,C0955,Delivery,Pending,2025-11-17
T00221,C0397,Delivery,Closed,2025-11-17
T00222,C0381,Product,Closed,2025-11-17
T00223,C0221,Delivery,Open,2025-11-17
T00224,C0974,Account,Closed,2025-11-17
T00225,C0294,Product,Open,
T00226,C0180,Payment,Closed,2025-11-17
T00227,C0602,Payment,Pending,2025-11-17
,C0136,Product,Closed,2025-11-17
T00229,C0495,Account,Open,2025-11-17
T00230,C0994,Product,Open,2025-11-17
T00231,C0191,Product,Pending,2025-11-17
T00232,C0941,Account,Closed,2025-11-17
T00233,C0211,Delivery,Open,2025-11-17
T00234,C0850,Delivery,Closed,2025-11-17
T00235,C0902,Payment,,2025-11-17
T00236,C0496,,Closed,2025-11-17
T00237,C0410,Product,Closed,2025-11-17
T00238,C0524,Delivery,Pending,2025-11-17
T00239,C0391,Account,Pending,2025-11-17
T00240,C0781,Account,Pending,2025-11-17
T00241,C0884,,Pending,2025-11-17
T00242,C0100,Product,Open,2025-11-17
T00243,C0190,Payment,Closed,2025-11-17
T00244,C0819,Delivery,Open,2025-11-17
T00245,C0273,Account,Closed,2025-11-17
T00246,C0645,Account,Pending,2025-11-17
T00247,C0294,Product,Closed,2025-11-17
T00248,,Payment,Pending,2025-11-17
T00249,C0142,Product,Pending,2025-11-17
T00250,C0010,Product,,2025-11-17
T00251,C0057,Delivery,Closed,2025-11-17
T00252,C0726,Delivery,Pending,2025-11-17
T00253,C0461,Delivery,Open,2025-11-17
T00254,C0213,Product,Pending,2025-11-17
T00255,C0602,Delivery,Open,2025-11-17
T00256,C0662,Delivery,Open,2025-11-17
T00257,C0888,Payment,Closed,2025-11-17
T00258,C0526,Product,Closed,2025-11-17
T00259,C0184,Delivery,Pending,2025-11-17
T00260,C0576,Payment,Open,2025-11-17
T00261,C0337,Account,Pending,2025-11-17
T00262,C0774,Account,Open,2025-11-17
T00263,C0830,Product,Pending,
T00264,C0867,Payment,Closed,2025-11-17
T00265,C0565,Payment,Pending,2025-11-17
T00266,C0593,Payment,Pending,2025-11-17
T00267,C0933,Product,Open,2025-11-17
,C0417,Account,Closed,2025-11-17
T00269,C0564,,Closed,2025-11-17
T00270,C0687,Payment,Open,2025-11-17
T00271,C0185,Product,Closed,2025-11-17
T00272,C0878,Delivery,Pending,2025-11-17
T00273,,Payment,,2025-11-17
T00274,C0105,Delivery,Pending,2025-11-17
T00275,,Product,Closed,2025-11-17
T00276,C0108,Product,Closed,2025-11-17
T00277,C0946,Account,Closed,2025-11-17
T00278,C0278,Product,Open,
T00279,C0861,Delivery,Closed,2025-11-17
T00280,C0484,Account,Pending,2025-11-17
T00281,C0387,Payment,Pending,2025-11-17
T00282,C0091,Account,Pending,2025-11-17
T00283,C0506,,,2025-11-17
T00284,C0313,,Closed,2025-11-17
T00285,C0713,Delivery,Open,2025-11-17
,C0475,Account,Pending,2025-11-17
T00287,C0527,Product,Open,2025-11-17
T00288,C0389,Account,,2025-11-17
T00289,C0847,,Pending,2025-11-17
T00290,C0412,Payment,Pending,2025-11-17
T00291,C0605,Product,Pending,2025-11-17
T00292,C0803,Account,Pending,2025-11-17
T00293,C0119,Delivery,Closed,2025-11-17
T00294,C0526,Product,Closed,2025-11-17
T00295,C0967,Delivery,Closed,2025-11-17
,C0820,Product,Pending,2025-11-17
T00297,C0203,Account,Closed,2025-11-17
T00298,C0032,Delivery,Pending,2025-11-17
,C0753,Account,Open,2025-11-17
T00300,C0012,Payment,Closed,2025-11-17
T00301,,Payment,Pending,2025-11-17
T00302,C0815,Delivery,Open,2025-11-17
T00303,C0023,Account,Closed,2025-11-17
T00304,C0837,Product,Pending,2025-11-17
T00305,,,Open,2025-11-17
T00306,C0987,Product,Closed,2025-11-17
T00307,C0028,Account,Closed,2025-11-17
T00308,C0193,,Open,2025-11-17
,C0899,Account,Open,2025-11-17
T00310,C0527,Payment,Pending,2025-11-17
T00311,C0102,Delivery,Closed,2025-11-17
T00312,C0166,Delivery,Pending,2025-11-17
T00313,C0579,Account,Closed,2025-11-17
,C0192,Account,Closed,2025-11-17
T00315,C0972,Payment,Pending,2025-11-17
,C0840,Account,Closed,2025-11-17
,C0033,,Closed,2025-11-17
T00318,C0640,Delivery,Pending,2025-11-17
,C0561,Product,Closed,2025-11-17
T00320,C0768,Product,Open,2025-11-17
T00321,C0318,Payment,Pending,2025-11-17
T00322,C0696,Product,Open,2025-11-17
T00323,C0547,Account,Closed,2025-11-17
T00324,C0971,Product,Closed,2025-11-17
T00325,C0654,Delivery,Open,2025-11-17
T00326,C0259,Delivery,Open,2025-11-17
,C0942,Product,Open,2025-11-17
T00328,C0783,Product,Open,2025-11-17
T00329,C0874,Account,Pending,2025-11-17
T00330,C0944,Product,Closed,2025-11-17
,C0822,Product,Open,2025-11-17
T00332,C0305,Delivery,Open,
T00333,C0161,Delivery,Closed,2025-11-17
T00334,C0198,Product,Closed,2025-11-17
T00335,C0834,Payment,Open,2025-11-17
T00336,C0761,Account,Closed,2025-11-17
T00337,C0560,Payment,Pending,2025-11-17
T00338,C0469,Product,Pending,
T00339,C0457,Product,Open,2025-11-17
T00340,C0603,Payment,Pending,2025-11-17
T00341,C0625,Account,Pending,2025-11-17
T00342,,Product,Open,2025-11-17
T00343,C0386,,Pending,2025-11-17
,C0950,Payment,Pending,
T00345,C0763,Product,Open,2025-11-17
T00346,C0231,Delivery,,2025-11-17
T00347,C0941,Delivery,Closed,2025-11-17
T00348,,Account,Pending,2025-11-17
T00349,,Account,Open,2025-11-17
T00350,C0689,,Open,2025-11-17
T00351,C0458,Delivery,Closed,
T00352,C0253,Delivery,Closed,2025-11-17
T00353,C0903,Payment,Closed,2025-11-17
T00354,C0602,Account,Pending,2025-11-17
T00355,C0928,Delivery,Closed,2025-11-17
T00356,C0040,Delivery,Closed,2025-11-17
T00357,,Delivery,Closed,2025-11-17
T00358,C0555,Product,,2025-11-17
T00359,C0190,Payment,Pending,2025-11-17
T00360,C0862,Product,Closed,2025-11-17
T00361,C0999,Payment,Pending,2025-11-17
T00362,C0088,Payment,Closed,2025-11-17
T00363,,Payment,Pending,2025-11-17
T00364,C0484,Payment,Open,2025-11-17
T00365,C0355,Delivery,Open,2025-11-17
T00366,C0727,Payment,Pending,2025-11-17
T00367,C0464,Product,,2025-11-17
T00368,C0227,Account,Open,2025-11-17
T00369,C0733,Account,Closed,2025-11-17
T00370,C0520,Account,Open,2025-11-17
T00371,,Account,Pending,2025-11-17
T00372,C0706,Account,Open,
T00373,C0005,Payment,Open,2025-11-17
T00374,C0488,Delivery,Closed,2025-11-17
T00375,C0186,Account,Closed,2025-11-17
T00376,C0298,Payment,Closed,2025-11-17
T00377,C0172,Delivery,Open,2025-11-17
T00378,C0770,Delivery,Open,2025-11-17
T00379,C0433,Payment,Pending,2025-11-17
T00380,C0838,Product,Closed,2025-11-17
T00381,C0959,Account,Pending,2025-11-17
T00382,C0048,Payment,Pending,2025-11-17
T00383,C0744,Product,Closed,2025-11-17
T00384,C0677,Delivery,Pending,2025-11-17
T00385,C0657,Product,Open,2025-11-17
T00386,C0216,Account,Open,2025-11-17
T00387,C0407,Account,Pending,2025-11-17
T00388,C0859,Payment,Closed,2025-11-17
T00389,C0636,Payment,Closed,2025-11-17
T00390,C0572,Account,Pending,2025-11-17
T00391,C0559,Account,Pending,2025-11-17
T00392,C0365,Payment,Open,2025-11-17
T00393,C0559,Payment,Open,2025-11-17
T00394,C0822,Delivery,Pending,2025-11-17
T00395,C0506,Account,Open,2025-11-17
T00396,C0443,Account,Closed,2025-11-17
T00397,C0763,Payment,Closed,2025-11-17
T00398,C0842,Product,Pending,2025-11-17
T00399,C0224,Account,Open,2025-11-17
T00400,C0198,Product,Open,2025-11-17
T00401,C0087,Payment,Closed,2025-11-17
T00402,C0255,Account,Pending,2025-11-17
T00403,C0968,Payment,Closed,2025-11-17
,C0412,Account,Pending,2025-11-17
T00405,C0494,Account,Closed,2025-11-17
T00406,C0956,Product,Closed,2025-11-17
T00407,C0051,Delivery,Closed,2025-11-17
T00408,C0607,Account,Open,2025-11-17
T00409,C0847,Product,Closed,2025-11-17
T00410,C0205,Product,,2025-11-17
T00411,C0364,Delivery,Pending,2025-11-17
,C0690,Product,Closed,2025-11-17
T00413,C0318,Delivery,Open,
T00414,C0760,Account,Pending,2025-11-17
T00415,C0905,Payment,Pending,2025-11-17
T00416,C0992,Delivery,Pending,2025-11-17
T00417,C0247,Product,Closed,2025-11-17
T00418,C0019,Payment,Closed,2025-11-17
,C0312,Account,Closed,2025-11-17
T00420,,Payment,Pending,2025-11-17
T00421,C0324,Payment,Closed,2025-11-17
T00422,C0372,Payment,Open,2025-11-17
T00423,C0828,Account,Closed,2025-11-17
T00424,C0658,Account,Closed,2025-11-17
T00425,C0352,Account,Open,2025-11-17
T00426,C0467,Payment,Closed,2025-11-17
T00427,C0466,Account,Pending,2025-11-17
T00428,C0293,Account,Open,2025-11-17
T00429,C0200,Payment,Pending,2025-11-17
T00430,C0242,Product,Pending,2025-11-17
T00431,C0198,Account,Pending,
T00432,C0390,Product,Open,2025-11-17
T00433,C0972,Payment,Open,2025-11-17
T00434,C0824,Product,Closed,2025-11-17
T00435,C0398,Account,Closed,2025-11-17
T00436,C0551,Delivery,Open,2025-11-17
T00437,C0910,Account,Open,2025-11-17
T00438,C0715,Product,Closed,2025-11-17
T00439,C0749,Delivery,,2025-11-17
T00440,,Payment,Closed,2025-11-17
T00441,C0199,Delivery,Closed,2025-11-17
T00442,C0852,Payment,Closed,2025-11-17
T00443,C0543,Account,Pending,2025-11-17
T00444,C0739,Delivery,Closed,2025-11-17
T00445,C0615,Product,Pending,
T00446,C0945,Payment,Open,2025-11-17
,C0088,Product,Open,2025-11-17
T00448,C0566,Delivery,Open,2025-11-17
T00449,C0055,Account,,2025-11-17
T00450,C0774,Account,Pending,2025-11-17
T00451,C0304,Account,Pending,2025-11-17
,C0027,Delivery,Open,2025-11-17
T00453,C0303,Payment,Open,2025-11-17
T00454,,Payment,Open,2025-11-17
T00455,C0422,Product,Closed,2025-11-17
T00456,C0336,,Closed,2025-11-17
T00457,,Payment,Closed,2025-11-17
T00458,C0735,Delivery,Open,2025-11-17
T00459,C0269,Product,Pending,2025-11-17
T00460,C0245,Product,Pending,2025-11-17
T00461,C0513,Account,Open,
T00462,C0965,,Pending,2025-11-17
T00463,C0513,Product,,2025-11-17
T00464,C0160,Product,Closed,2025-11-17
T00465,C0973,,Closed,2025-11-17
,C0646,Product,Open,2025-11-17
T00467,C0603,Account,Open,2025-11-17
T00468,C0959,Payment,Closed,2025-11-17
T00469,C0154,Delivery,Open,2025-11-17
T00470,C0482,Product,Open,2025-11-17
T00471,C0105,Product,Open,2025-11-17
T00472,C0716,Account,Closed,2025-11-17
T00473,C0105,Product,Open,2025-11-17
T00474,C0423,Delivery,,2025-11-17
T00475,C0822,Payment,Pending,2025-11-17
T00476,C0909,Account,Open,2025-11-17
T00477,C0119,Product,Pending,2025-11-17
T00478,C0221,Payment,Open,2025-11-17
T00479,C0638,Account,Pending,2025-11-17
T00480,C0961,Delivery,Open,2025-11-17
T00481,C0473,Account,Pending,2025-11-17
T00482,C0002,Product,,2025-11-17
T00483,C0069,Account,Open,2025-11-17
T00484,C0579,Payment,Closed,2025-11-17
T00485,C0745,Account,Pending,2025-11-17
T00486,C0043,Payment,Closed,2025-11-17
T00487,C0070,Payment,Pending,2025-11-17
T00488,C0909,Delivery,Pending,2025-11-17
T00489,C0302,Product,Open,2025-11-17
T00490,C0791,Product,Open,2025-11-17
T00491,C0647,,,2025-11-17
T00492,C0584,Payment,Closed,2025-11-17
T00493,C0295,Account,Pending,2025-11-17
T00494,C0574,Account,Open,2025-11-17
T00495,C0809,Delivery,Open,2025-11-17
T00496,C0455,Payment,Pending,2025-11-17
T00497,C0363,,Open,2025-11-17
T00498,C0696,Account,Closed,2025-11-17
T00499,C0992,Product,Pending,2025-11-17
T00500,C0046,,Closed,2025-11-17
T00501,C0304,Account,,2025-11-17
T00502,C0474,Product,Open,2025-11-17
T00503,C0830,Account,Pending,2025-11-17
,C0650,Delivery,Pending,2025-11-17
T00505,C0072,,Closed,2025-11-17
T00506,C0517,Delivery,Closed,2025-11-17
,C0070,Delivery,,2025-11-17
,C0096,Product,Pending,2025-11-17
T00509,C0149,Account,Pending,2025-11-17
T00510,C0932,Payment,Pending,2025-11-17
T00511,C0742,Product,Closed,2025-11-17
T00512,C0035,Account,Closed,2025-11-17
T00513,C0714,Account,Closed,2025-11-17
T00514,C0953,Product,Closed,2025-11-17
T00515,,Delivery,,2025-11-17
T00516,C0888,Payment,Closed,2025-11-17
T00517,C0341,Product,Open,2025-11-17
T00518,C0940,Payment,Open,2025-11-17
T00519,C0924,Product,Closed,2025-11-17
T00520,C0280,Payment,Closed,2025-11-17
T00521,C0413,Product,Closed,2025-11-17
T00522,C0944,Delivery,Pending,2025-11-17
T00523,C0377,Product,Pending,2025-11-17
T00524,C0595,Payment,Open,2025-11-17
T00525,C0859,Account,Open,2025-11-17
T00526,C0451,Payment,Pending,2025-11-17
T00527,C0185,Account,Pending,
T00528,C0215,Delivery,Pending,2025-11-17
T00529,C0480,,Open,2025-11-17
,C0744,Payment,Open,2025-11-17
T00531,C0906,Account,Pending,2025-11-17
T00532,C0110,Delivery,Closed,2025-11-17
T00533,C0364,Product,Open,2025-11-17
T00534,C0765,Payment,Pending,2025-11-17
T00535,C0313,Payment,Open,2025-11-17
T00536,C0869,Account,Open,2025-11-17
T00537,C0089,Payment,Open,2025-11-17
T00538,C0986,Account,Open,2025-11-17
T00539,C0039,,Pending,2025-11-17
T00540,,Delivery,Closed,2025-11-17
,C0657,Payment,Pending,2025-11-17
T00542,C0809,Delivery,Pending,2025-11-17
T00543,C0298,,Closed,2025-11-17
T00544,C0240,,Pending,2025-11-17
T00545,C0813,Account,Pending,2025-11-17
T00546,C0672,Account,Open,2025-11-17
,C0131,Delivery,Pending,2025-11-17
T00548,C0436,,Open,2025-11-17
T00549,C0009,Account,Pending,2025-11-17
T00550,C0177,Product,Open,2025-11-17
T00551,C0509,Account,Open,2025-11-17
T00552,,Delivery,Closed,
T00553,C0952,Payment,Open,2025-11-17
T00554,C0500,Account,Pending,2025-11-17
T00555,C0224,Product,Pending,2025-11-17
T00556,C0640,Delivery,Open,2025-11-17
T00557,C0993,Account,Pending,2025-11-17
T00558,C0611,Delivery,Open,2025-11-17
,C0369,Delivery,Closed,2025-11-17
T00560,C0884,Payment,Pending,2025-11-17
T00561,C0406,Account,Closed,2025-11-17
T00562,C0432,Product,Open,
T00563,C0038,Product,Pending,2025-11-17
T00564,C0295,Product,Open,2025-11-17
T00565,C0332,Account,Open,2025-11-17
T00566,C0392,Account,Open,2025-11-17
T00567,,Product,Closed,2025-11-17
T00568,C0655,Product,Pending,2025-11-17
T00569,C0627,Product,Open,2025-11-17
T00570,C0696,Account,,2025-11-17
T00571,C0603,Product,Pending,2025-11-17
T00572,C0570,Delivery,Closed,2025-11-17
T00573,C0435,Delivery,Closed,2025-11-17
T00574,C0478,Product,Pending,
T00575,C0755,Account,Open,2025-11-17
T00576,C0035,Product,Pending,2025-11-17
T00577,C0202,Account,Pending,2025-11-17
T00578,C0216,Account,Pending,2025-11-17
T00579,C0134,Payment,Open,2025-11-17
T00580,,Account,Open,2025-11-17
T00581,C0555,,Closed,2025-11-17
T00582,C0873,Payment,Open,2025-11-17
T00583,C0974,Payment,Pending,2025-11-17
T00584,C0376,Payment,Closed,
T00585,C0983,Payment,Closed,2025-11-17
T00586,C0959,Payment,,2025-11-17
T00587,C0637,Account,Closed,2025-11-17
T00588,C0476,Product,Open,2025-11-17
T00589,C0890,Product,Closed,2025-11-17
T00590,C0038,Payment,Open,
T00591,C0808,Payment,Closed,2025-11-17
T00592,C0405,Payment,Open,2025-11-17
T00593,,Payment,Pending,2025-11-17
T00594,C1000,Delivery,Open,2025-11-17
T00595,C0348,Delivery,Open,2025-11-17
T00596,C0300,Delivery,Closed,2025-11-17
T00597,C0128,Product,Closed,2025-11-17
T00598,C0799,Payment,Pending,2025-11-17
T00599,C0578,Product,Closed,2025-11-17
,C0926,Delivery,Open,2025-11-17
T00601,C0189,Delivery,Closed,2025-11-17
T00602,C0426,Account,Pending,2025-11-17
,,Delivery,Open,2025-11-17
T00604,C0539,Account,Closed,2025-11-17
T00605,C0308,Delivery,Closed,2025-11-17
T00606,C0367,Delivery,Closed,2025-11-17
T00607,C0558,Payment,Open,
T00608,C0550,Product,Pending,2025-11-17
T00609,,Delivery,Open,
T00610,C0124,Payment,,
T00611,C0120,,Pending,2025-11-17
T00612,C0005,Delivery,Pending,2025-11-17
T00613,C0825,Delivery,Pending,2025-11-17
T00614,C0634,Product,Pending,
T00615,C0946,Delivery,Closed,2025-11-17
T00616,,Payment,Closed,2025-11-17
T00617,C0488,Delivery,Closed,2025-11-17
T00618,,Account,Open,2025-11-17
T00619,C0953,Delivery,Closed,2025-11-17
T00620,,Account,Pending,
T00621,C0801,Payment,Open,2025-11-17
T00622,C0178,Account,Open,2025-11-17
T00623,C0783,Account,Closed,2025-11-17
T00624,C0420,,,2025-11-17
T00625,C0992,Delivery,Open,2025-11-17
T00626,,Delivery,Open,2025-11-17
T00627,C0467,Payment,Open,2025-11-17
T00628,C0178,Product,Open,2025-11-17
T00629,,Delivery,Pending,
T00630,C0778,Delivery,,2025-11-17
T00631,C0578,Delivery,Pending,2025-11-17
T00632,C0557,Payment,Open,2025-11-17
T00633,C0151,Account,Closed,2025-11-17
T00634,C0750,Payment,Open,2025-11-17
T00635,C0377,Delivery,Closed,2025-11-17
,C0727,Product,Pending,2025-11-17
T00637,C0152,Payment,Open,
T00638,C0243,Delivery,Pending,2025-11-17
T00639,C0595,Payment,Pending,2025-11-17
T00640,C0519,Payment,Closed,2025-11-17
T00641,C0306,,Closed,2025-11-17
T00642,C0660,Delivery,Pending,2025-11-17
T00643,C0176,Delivery,Open,2025-11-17
T00644,C0033,Delivery,Open,2025-11-17
T00645,C0189,Delivery,Open,2025-11-17
T00646,C0457,Product,Closed,2025-11-17
T00647,C0273,Account,Open,2025-11-17
T00648,C0617,Delivery,Pending,2025-11-17
,C0062,Product,Open,2025-11-17
T00650,C0899,Product,Open,2025-11-17
T00651,C0526,Product,Pending,2025-11-17
T00652,C0498,Delivery,Open,2025-11-17
T00653,C0017,Delivery,Closed,2025-11-17
T00654,C0833,Delivery,Open,
,C0516,,Open,
T00656,C0982,Payment,Pending,2025-11-17
T00657,C0821,Product,Closed,2025-11-17
T00658,C0603,Delivery,Pending,2025-11-17
T00659,C0565,Product,Open,2025-11-17
T00660,C0348,Delivery,Open,2025-11-17
T00661,C0410,Payment,Open,2025-11-17
T00662,C0948,Account,Closed,2025-11-17
T00663,C0002,Payment,Open,2025-11-17
T00664,C0138,Delivery,Pending,2025-11-17
T00665,C0325,Account,Closed,2025-11-17
T00666,,Delivery,Closed,2025-11-17
T00667,C0176,Account,Pending,2025-11-17
T00668,C0239,Payment,Pending,
T00669,C0030,Product,Open,2025-11-17
T00670,C0160,,Open,2025-11-17
T00671,C0333,Payment,Open,2025-11-17
T00672,C0051,Account,Closed,2025-11-17
T00673,C0172,Delivery,Open,2025-11-17
,,Delivery,Pending,2025-11-17
T00675,C0901,Delivery,Closed,2025-11-17
T00676,C0159,Product,Open,2025-11-17
,C0956,Product,Pending,2025-11-17
T00678,C0634,Payment,Closed,2025-11-17
,C0360,Product,Pending,2025-11-17
T00680,C0146,Delivery,Open,2025-11-17
T00681,C0478,Account,Closed,2025-11-17
T00682,C0857,Delivery,Pending,2025-11-17
T00683,C0815,Payment,Closed,2025-11-17
T00684,C0953,Product,Closed,2025-11-17
T00685,C0534,Delivery,Closed,2025-11-17
T00686,C0267,Delivery,Pending,2025-11-17
T00687,C0818,Payment,Pending,2025-11-17
T00688,C0118,Account,Pending,2025-11-17
T00689,C0588,Account,Closed,2025-11-17
T00690,C0533,Account,Pending,2025-11-17
T00691,C0925,Product,Closed,2025-11-17
T00692,C0703,Product,,2025-11-17
T00693,C0148,Delivery,Open,2025-11-17
T00694,C0410,Delivery,Closed,2025-11-17
T00695,C0134,Payment,Closed,2025-11-17
T00696,C0128,Delivery,Closed,2025-11-17
T00697,,,Closed,2025-11-17
T00698,C0661,Delivery,Open,2025-11-17
T00699,,Delivery,Open,2025-11-17
T00700,C0871,Payment,Closed,2025-11-17
,C0973,Product,Open,
,C0932,Product,Closed,2025-11-17
T00703,C0331,Payment,Open,2025-11-17
T00704,C0978,Account,Pending,2025-11-17
,C0486,Payment,Open,2025-11-17
T00706,C0706,Account,Closed,2025-11-17
T00707,C0942,Account,Pending,2025-11-17
T00708,C0478,Payment,Pending,2025-11-17
T00709,C0275,Account,Pending,2025-11-17
T00710,C0595,Delivery,Closed,2025-11-17
T00711,C0911,Delivery,Open,2025-11-17
T00712,C0118,Payment,Pending,2025-11-17
T00713,,Account,Pending,2025-11-17
T00714,C0719,Account,Pending,2025-11-17
T00715,C0356,Account,Pending,2025-11-17
T00716,C0160,Payment,Open,2025-11-17
T00717,C0668,Product,,2025-11-17
T00718,,Account,Pending,2025-11-17
T00719,,Delivery,Pending,2025-11-17
,C0801,Account,Closed,2025-11-17
T00721,C0549,Account,Open,2025-11-17
T00722,C0999,Payment,,2025-11-17
,C0892,Product,Closed,2025-11-17
T00724,C0025,Delivery,Open,2025-11-17
T00725,C0887,Product,Pending,2025-11-17
T00726,C0593,Delivery,Closed,2025-11-17
T00727,C0340,Delivery,Open,2025-11-17
T00728,C0259,Account,Closed,2025-11-17
T00729,C0765,Delivery,Pending,2025-11-17
T00730,C0550,Payment,Closed,2025-11-17
T00731,C0239,Product,Pending,2025-11-17
T00732,C0572,Product,Closed,2025-11-17
,C0261,,Pending,2025-11-17
T00734,C0083,Product,Pending,2025-11-17
T00735,C0553,Payment,Closed,2025-11-17
T00736,C0439,Account,Open,2025-11-17
T00737,C0600,Account,Closed,2025-11-17
T00738,,Product,Pending,2025-11-17
T00739,C0785,Payment,Closed,2025-11-17
T00740,C0947,Payment,Pending,
T00741,C0682,Product,Open,2025-11-17
,C0508,Product,Pending,2025-11-17
T00743,C0724,Account,Closed,2025-11-17
T00744,C0454,Delivery,Pending,2025-11-17
T00745,C0139,Payment,Closed,2025-11-17
T00746,C0157,Delivery,Pending,2025-11-17
T00747,,Payment,Closed,2025-11-17
,C0559,Account,Pending,2025-11-17
,C0462,Account,Open,2025-11-17
,,Payment,Pending,2025-11-17
T00751,C0195,Delivery,Open,2025-11-17
T00752,C0711,Product,Open,2025-11-17
T00753,C0864,Account,Pending,2025-11-17
T00754,C0536,Payment,Open,2025-11-17
T00755,C0131,Payment,Closed,2025-11-17
T00756,C0736,,Open,
T00757,C0625,Product,Closed,2025-11-17
T00758,,Product,Pending,2025-11-17
T00759,C0017,Product,Closed,2025-11-17
T00760,C0514,Delivery,Closed,2025-11-17
T00761,C0435,Delivery,Pending,2025-11-17
T00762,C0948,Delivery,Pending,
T00763,C0882,Account,Closed,2025-11-17
T00764,C0740,Delivery,Pending,2025-11-17
T00765,C0063,Payment,Closed,2025-11-17
T00766,C0139,Product,Open,2025-11-17
T00767,C0952,Account,Pending,2025-11-17
T00768,,Account,Open,2025-11-17
T00769,,Delivery,Closed,2025-11-17
T00770,C0762,Delivery,Closed,2025-11-17
,C0422,Product,Pending,2025-11-17
T00772,C0925,Payment,Open,
T00773,C0153,Product,Open,2025-11-17
T00774,C0667,Payment,Open,2025-11-17
T00775,C0264,Delivery,Pending,2025-11-17
T00776,C0379,,Pending,2025-11-17
T00777,C0203,Account,Pending,2025-11-17
T00778,C0670,Delivery,Open,2025-11-17
T00779,C0743,Payment,Open,2025-11-17
T00780,C0831,Product,Pending,2025-11-17
T00781,C0940,Delivery,Pending,2025-11-17
T00782,C0577,Delivery,Open,2025-11-17
T00783,C0442,Account,Closed,2025-11-17
T00784,C0296,Delivery,Pending,2025-11-17
,C0059,Payment,Open,2025-11-17
T00786,C0856,Payment,Closed,2025-11-17
T00787,C0979,,Pending,2025-11-17
T00788,C0413,Payment,Open,2025-11-17
T00789,C0860,Payment,Pending,2025-11-17
T00790,C0763,Delivery,,2025-11-17
T00791,C0938,Account,Pending,2025-11-17
T00792,,Account,Open,2025-11-17
T00793,C0633,Delivery,Closed,2025-11-17
T00794,C0752,Payment,Pending,2025-11-17
T00795,C0420,Account,Closed,2025-11-17
T00796,C0635,Delivery,Closed,2025-11-17
T00797,C0682,Delivery,Pending,2025-11-17
T00798,C0124,Account,Closed,2025-11-17
T00799,C0201,Delivery,Pending,2025-11-17
T00800,C0325,Product,,2025-11-17
,C0528,Account,Closed,2025-11-17
T00802,C0628,Payment,Pending,2025-11-17
T00803,C0240,Payment,Open,2025-11-17
T00804,C0496,,Pending,2025-11-17
T00805,C0561,Account,Closed,2025-11-17
,,Product,Pending,2025-11-17
T00807,C0360,Payment,Closed,2025-11-17
T00808,C0795,Product,Closed,2025-11-17
T00809,C0979,Account,Open,2025-11-17
T00810,C0950,Product,Open,2025-11-17
T00811,C0124,Product,Open,2025-11-17
T00812,C0350,Product,,2025-11-17
,C0878,Payment,Open,2025-11-17
T00814,C0549,Account,Open,2025-11-17
T00815,C0451,Product,Closed,2025-11-17
T00816,C0282,Account,Open,2025-11-17
T00817,C0691,Account,Closed,2025-11-17
T00818,C0435,Payment,Pending,2025-11-17
T00819,,Delivery,Closed,2025-11-17
T00820,C0420,Payment,Pending,2025-11-17
T00821,C0508,Delivery,Pending,2025-11-17
T00822,C0129,,,2025-11-17
T00823,C0456,Delivery,Closed,
T00824,C0107,Delivery,Open,2025-11-17
T00825,C0135,Payment,Pending,2025-11-17
T00826,C0926,Product,Closed,2025-11-17
T00827,,Account,Open,2025-11-17
T00828,C0988,Product,Closed,
T00829,C0578,Product,Closed,2025-11-17
T00830,C0023,Product,Open,
T00831,C0639,Delivery,Closed,2025-11-17
T00832,C0956,,Pending,2025-11-17
T00833,C0322,Account,Open,2025-11-17
T00834,,Delivery,Pending,2025-11-17
T00835,,Product,Closed,2025-11-17
T00836,C0263,Account,Closed,2025-11-17
T00837,C0222,Account,Pending,2025-11-17
,C0330,Payment,Open,2025-11-17
T00839,C0484,Account,Open,2025-11-17
T00840,C0245,Delivery,Closed,2025-11-17
,C0956,Delivery,,2025-11-17
T00842,C0308,Product,Closed,2025-11-17
T00843,C0501,Delivery,Open,2025-11-17
T00844,C0857,Payment,Closed,2025-11-17
T00845,C0291,Delivery,Closed,2025-11-17
T00846,,Account,Open,2025-11-17
T00847,C0604,,Open,2025-11-17
T00848,C0138,Payment,Open,2025-11-17
T00849,C0597,Account,Closed,2025-11-17
T00850,C0624,Product,,2025-11-17
T00851,C0790,Delivery,Pending,2025-11-17
T00852,C0246,Delivery,Open,2025-11-17
,C0297,Product,,
T00854,C0930,Delivery,Pending,
T00855,C0276,Product,Closed,2025-11-17
T00856,C0966,Payment,Open,2025-11-17
T00857,C0074,Product,Closed,2025-11-17
T00858,C0131,Delivery,Pending,2025-11-17
T00859,C0732,Account,Pending,2025-11-17
T00860,C0273,Delivery,Open,2025-11-17
T00861,C0881,Product,Closed,2025-11-17
T00862,C0903,Account,Pending,2025-11-17
T00863,C0975,Account,Open,2025-11-17
T00864,C0479,Product,Open,2025-11-17
T00865,C0585,Payment,Pending,2025-11-17
,C0418,Account,Closed,2025-11-17
T00867,C0240,Account,Open,2025-11-17
T00868,C0166,Delivery,Pending,2025-11-17
T00869,C0092,Delivery,Open,2025-11-17
T00870,C0326,Payment,Pending,2025-11-17
T00871,C0211,Payment,Pending,2025-11-17
T00872,C0757,Account,Pending,
T00873,C0138,Payment,Open,2025-11-17
T00874,C0523,Account,Open,2025-11-17
T00875,C0243,Payment,Pending,2025-11-17
T00876,C0327,Account,Open,
T00877,C0647,Delivery,,2025-11-17
,C0307,Account,Pending,2025-11-17
T00879,C0270,Product,Open,2025-11-17
T00880,C0505,Product,Pending,2025-11-17
T00881,C0238,Account,Closed,2025-11-17
T00882,C0864,,Closed,2025-11-17
T00883,C0433,Payment,Open,
T00884,C0863,Account,Open,2025-11-17
T00885,C0273,Payment,Pending,2025-11-17
T00886,C0418,Product,Closed,2025-11-17
T00887,,Product,Pending,2025-11-17
T00888,C0097,Account,Pending,2025-11-17
T00889,C0882,Account,Open,
T00890,C0022,Account,Closed,2025-11-17
T00891,C0345,Product,Open,2025-11-17
T00892,C0363,Delivery,Closed,2025-11-17
,C0077,Product,Pending,2025-11-17
T00894,C0496,Delivery,Pending,
T00895,C0959,Delivery,Closed,2025-11-17
T00896,C0082,Product,Closed,
T00897,C0890,,Pending,2025-11-17
T00898,C0947,Product,Pending,2025-11-17
T00899,C0799,Payment,Open,2025-11-17
T00900,C0423,Delivery,Open,2025-11-17
T00901,C0548,Account,Open,2025-11-17
T00902,C0090,Payment,,2025-11-17
T00903,C0223,Payment,Closed,2025-11-17
T00904,C0217,Account,Closed,2025-11-17
T00905,C0235,Account,Closed,2025-11-17
T00906,C0546,Delivery,Open,2025-11-17
T00907,,,Pending,2025-11-17
T00908,C0355,Account,Open,2025-11-17
T00909,C0387,Payment,Open,2025-11-17
T00910,C0274,Product,Closed,2025-11-17
T00911,C0859,Payment,Pending,2025-11-17
T00912,C0233,Payment,Closed,2025-11-17
T00913,C0204,Account,Closed,2025-11-17
T00914,C0831,Delivery,Closed,2025-11-17
T00915,C0034,Payment,Closed,
T00916,C0280,Account,Pending,2025-11-17
T00917,C0398,Account,Closed,2025-11-17
T00918,C0211,Delivery,Closed,2025-11-17
T00919,C0149,Product,Closed,2025-11-17
T00920,C0664,Product,Closed,2025-11-17
,C0853,Product,Open,2025-11-17
T00922,C0190,Account,Closed,2025-11-17
T00923,C0254,Account,Pending,2025-11-17
T00924,C0647,Account,Pending,2025-11-17
T00925,C0860,,Pending,2025-11-17
T00926,C0951,Delivery,Pending,2025-11-17
T00927,,Delivery,Open,2025-11-17
T00928,C0984,Delivery,Pending,2025-11-17
,C0692,Payment,Closed,
T00930,C0625,,Pending,2025-11-17
T00931,C0997,Delivery,Pending,2025-11-17
T00932,C0849,Product,Open,2025-11-17
T00933,C0967,Payment,,2025-11-17
T00934,C0597,Product,Pending,
T00935,C0884,Delivery,Pending,2025-11-17
T00936,C0067,,Closed,2025-11-17
T00937,C0696,Payment,Closed,
T00938,C0841,Account,,2025-11-17
T00939,C0416,Payment,Closed,2025-11-17
T00940,C0756,Delivery,Open,2025-11-17
T00941,C0571,Product,,
T00942,,Product,Closed,2025-11-17
T00943,C0854,Account,Pending,2025-11-17
T00944,C0600,Payment,Open,2025-11-17
,,Account,Open,2025-11-17
T00946,C0465,Account,Closed,2025-11-17
T00947,C0562,,Closed,2025-11-17
T00948,C0156,Delivery,Closed,2025-11-17
T00949,C0262,Account,Pending,2025-11-17
T00950,C0484,Product,Pending,2025-11-17
T00951,C0280,,Closed,2025-11-17
T00952,C0250,,Open,2025-11-17
T00953,C0539,Account,Closed,2025-11-17
T00954,C0259,Payment,Pending,2025-11-17
T00955,C0368,Payment,Closed,2025-11-17
T00956,C0811,Product,,2025-11-17
T00957,C0209,Account,Pending,2025-11-17
T00958,C0852,Product,Pending,2025-11-17
T00959,C0434,Product,Open,2025-11-17
T00960,C0962,Payment,Open,2025-11-17
T00961,C0116,Account,Pending,2025-11-17
T00962,C0156,Delivery,Pending,2025-11-17
T00963,C0841,Product,Pending,2025-11-17
T00964,C0806,Delivery,,2025-11-17
T00965,C0444,Delivery,Open,2025-11-17
T00966,C0881,Delivery,Open,2025-11-17
T00967,C0021,Product,Pending,2025-11-17
T00968,C0048,Delivery,Closed,2025-11-17
T00969,,Product,Open,2025-11-17
T00970,C0336,Account,Closed,2025-11-17
T00971,,Account,Closed,2025-11-17
T00972,C0955,Delivery,Open,2025-11-17
T00973,C0748,Payment,Open,2025-11-17
T00974,C0353,Product,Open,2025-11-17
T00975,C0053,,Pending,2025-11-17
T00976,C0736,Product,Open,2025-11-17
T00977,C0191,Account,Open,2025-11-17
T00978,C0331,Delivery,Open,2025-11-17
T00979,C0250,Delivery,Pending,2025-11-17
,C0798,Product,Pending,2025-11-17
T00981,C0973,Account,Closed,2025-11-17
T00982,C0087,Account,Closed,2025-11-17
,C0741,Delivery,Closed,2025-11-17
T00984,C0148,Delivery,Pending,2025-11-17
T00985,C0600,Delivery,Closed,2025-11-17
,C0600,Payment,Open,2025-11-17
T00987,C0589,Payment,Closed,2025-11-17
T00988,C0939,Delivery,Closed,2025-11-17
T00989,C0544,Delivery,Pending,2025-11-17
,C0129,Account,Pending,2025-11-17
T00991,C0990,Account,Open,2025-11-17
T00992,C0190,Account,Open,2025-11-17
T00993,C0325,Payment,Pending,2025-11-17
T00994,C0605,Payment,Open,2025-11-17
T00995,C0372,Account,Open,2025-11-17
T00996,C0622,Delivery,Open,2025-11-17
T00997,C0670,Account,Open,2025-11-17
T00998,C0088,Payment,Open,2025-11-17
T00999,C0054,Delivery,Open,2025-11-17
T01000,C0486,Payment,Closed,2025-11-17
T01001,C0382,Delivery,Open,2025-11-17
T01002,C0258,Delivery,Open,2025-11-17
T01003,C0100,Payment,Pending,2025-11-17
T01004,C0762,Account,Closed,2025-11-17
T01005,C0058,Payment,Closed,2025-11-17
,C0522,Product,Pending,2025-11-17
T01007,C0922,Account,Pending,2025-11-17
T01008,C0957,Account,Pending,2025-11-17
T01009,C0183,Account,Open,2025-11-17
T01010,C0730,Delivery,Closed,2025-11-17
T01011,,,Pending,2025-11-17
T01012,C0155,Payment,Closed,2025-11-17
T01013,C0981,Delivery,Closed,2025-11-17
T01014,C0522,,,2025-11-17
T01015,C0212,Payment,Pending,2025-11-17
T01016,C0456,Account,Closed,2025-11-17
T01017,C0719,Account,Open,2025-11-17
T01018,C0533,Account,Pending,2025-11-17
T01019,C0441,Product,Pending,2025-11-17
T01020,C0610,Product,Open,
T01021,C0064,Account,,2025-11-17
T01022,,Product,Closed,2025-11-17
T01023,C0158,Payment,Closed,2025-11-17
T01024,C0834,Delivery,Closed,2025-11-17
T01025,C0775,Product,Open,2025-11-17
T01026,C0166,Product,Open,2025-11-17
,C0769,Delivery,Closed,2025-11-17
T01028,C0294,Product,Closed,2025-11-17
T01029,C0469,Payment,,2025-11-17
T01030,C0171,Payment,Closed,2025-11-17
T01031,C0800,,Open,2025-11-17
T01032,C0765,Product,,2025-11-17
,C0821,Product,Open,2025-11-17
,C0105,Delivery,Pending,2025-11-17
T01035,C0694,Payment,Closed,2025-11-17
T01036,C0129,Account,Closed,2025-11-17
,C0034,,Open,2025-11-17
T01038,C0159,Delivery,Pending,2025-11-17
,C0957,Payment,Open,2025-11-17
T01040,C0762,Account,Closed,2025-11-17
T01041,C0158,Account,Closed,2025-11-17
T01042,C0274,Payment,,2025-11-17
,C0494,Payment,Closed,2025-11-17
,C0762,Payment,Open,2025-11-17
T01045,,Product,Closed,2025-11-17
T01046,C0321,Product,Open,2025-11-17
T01047,C0271,Product,Pending,2025-11-17
T01048,C0708,Delivery,Closed,2025-11-17
T01049,C0715,Delivery,Closed,2025-11-17
T01050,C0790,,Closed,2025-11-17
T01051,C0527,Account,Pending,2025-11-17
T01052,C0108,Delivery,Open,2025-11-17
T01053,C0821,Account,Open,2025-11-17
T01054,C0358,Delivery,,2025-11-17
,C0051,Delivery,Pending,2025-11-17
T01056,C0728,Product,Closed,2025-11-17
T01057,C0487,Payment,Open,2025-11-17
T01058,C0878,Account,Closed,2025-11-17
T01059,C0273,Product,Closed,2025-11-17
T01060,C0036,Product,Open,2025-11-17
T01061,C0775,Product,Pending,2025-11-17
T01062,C0848,Delivery,Pending,2025-11-17
T01063,C0416,Payment,Open,2025-11-17
T01064,C0444,Delivery,Open,2025-11-17
T01065,C0692,Product,Open,2025-11-17
T01066,C0983,Account,Pending,2025-11-17
T01067,C0442,Product,Closed,2025-11-17
T01068,C0303,Delivery,Pending,2025-11-17
T01069,C0193,Account,,2025-11-17
T01070,C0912,,Pending,2025-11-17
T01071,C0249,Delivery,Closed,2025-11-17
T01072,,,Pending,2025-11-17
T01073,C0393,Product,Pending,2025-11-17
T01074,C0960,Product,Open,2025-11-17
T01075,C0836,Delivery,Pending,2025-11-17
T01076,C0536,Product,Closed,2025-11-17
T01077,C0197,Account,Closed,2025-11-17
T01078,C0150,Delivery,Open,2025-11-17
T01079,C0604,Account,Closed,2025-11-17
T01080,C0130,Product,Pending,2025-11-17
T01081,C0701,Product,Pending,2025-11-17
T01082,C0251,Delivery,Pending,2025-11-17
T01083,C0593,Account,Open,2025-11-17
T01084,C0693,Product,Closed,2025-11-17
T01085,C0417,Payment,,2025-11-17
T01086,C0643,Product,Pending,2025-11-17
T01087,C0054,,Open,
,C0548,Product,Pending,2025-11-17
T01089,C0578,Delivery,Open,2025-11-17
T01090,C0049,Product,Pending,2025-11-17
T01091,C0286,,,
T01092,C0554,Account,Closed,2025-11-17
T01093,C0963,Payment,Closed,2025-11-17
T01094,C0448,Product,Open,2025-11-17
T01095,C0776,Account,Pending,2025-11-17
T01096,C0463,,,2025-11-17
T01097,C0694,Product,Open,2025-11-17
T01098,,Product,Pending,2025-11-17
T01099,C0671,Product,Closed,2025-11-17
T01100,C0346,Product,Closed,2025-11-17
T01101,C0366,Account,Pending,2025-11-17
T01102,C0844,,Pending,2025-11-17
T01103,C0414,Delivery,Closed,2025-11-17
T01104,C0022,Account,Pending,2025-11-17
T01105,C0763,Delivery,Closed,2025-11-17
T01106,C0409,Payment,Pending,2025-11-17
T01107,C0034,Account,Open,2025-11-17
T01108,C0937,Account,Pending,2025-11-17
T01109,C0742,Account,Pending,2025-11-17
T01110,C0003,Delivery,Closed,2025-11-17
T01111,C0896,Account,Pending,2025-11-17
T01112,C0887,Account,Closed,2025-11-17
T01113,C0023,Delivery,Open,2025-11-17
T01114,C0235,Account,Open,2025-11-17
T01115,C0809,Delivery,Open,2025-11-17
T01116,C0574,,Closed,2025-11-17
T01117,C0587,Account,Pending,2025-11-17
T01118,C0508,Product,Open,
T01119,C0144,Payment,Closed,2025-11-17
T01120,C0999,Product,Open,2025-11-17
,C0577,Product,Open,2025-11-17
T01122,C0244,Delivery,Closed,2025-11-17
T01123,C0672,Payment,Pending,2025-11-17
T01124,C0303,Delivery,Open,2025-11-17
T01125,C0870,Payment,Open,2025-11-17
T01126,C0270,Product,Open,2025-11-17
T01127,C0962,Payment,Pending,2025-11-17
T01128,,Delivery,Pending,2025-11-17
T01129,,Delivery,Pending,2025-11-17
T01130,C0938,Product,Open,2025-11-17
,C0067,Product,Pending,2025-11-17
T01132,C0233,Payment,Closed,2025-11-17
T01133,C0231,Delivery,Pending,2025-11-17
T01134,C0004,Account,Open,2025-11-17
,C0544,Account,Pending,2025-11-17
T01136,C0297,Delivery,Closed,2025-11-17
T01137,C0465,Account,Open,2025-11-17
T01138,,Account,Closed,
T01139,C0524,Payment,Open,2025-11-17
T01140,C0998,Product,,
T01141,C0372,Delivery,Pending,2025-11-17
T01142,C0354,Account,Pending,2025-11-17
T01143,C0248,Delivery,Open,
T01144,C0347,Payment,Closed,2025-11-17
T01145,C0879,Product,Open,2025-11-17
T01146,C0291,Account,Closed,2025-11-17
T01147,C0553,Payment,Closed,2025-11-17
T01148,C0425,Delivery,Open,2025-11-17
T01149,C0868,Product,Closed,2025-11-17
T01150,C0619,Account,Open,2025-11-17
T01151,C0808,Product,,2025-11-17
T01152,C0759,Product,Pending,2025-11-17
T01153,C0276,Product,Open,2025-11-17
T01154,C0888,Product,Pending,2025-11-17
T01155,C0562,Account,Open,2025-11-17
T01156,C0308,Account,Pending,2025-11-17
T01157,C0950,Delivery,Closed,2025-11-17
T01158,C0518,Account,Pending,2025-11-17
T01159,C0835,Delivery,Open,2025-11-17
T01160,C0857,Product,,2025-11-17
T01161,C0400,Delivery,Pending,2025-11-17
T01162,C0968,Product,Closed,2025-11-17
T01163,C0561,Delivery,Open,2025-11-17
T01164,C0748,Product,Pending,2025-11-17
T01165,C0595,Payment,Closed,2025-11-17
T01166,C0744,Delivery,Closed,
T01167,C0765,Delivery,Open,2025-11-17
T01168,C0414,Account,Open,2025-11-17
T01169,C0772,Account,Closed,2025-11-17
T01170,C0991,Payment,Pending,
T01171,C0764,Payment,Closed,2025-11-17
T01172,C0205,Account,Pending,2025-11-17
T01173,C0094,Payment,Closed,2025-11-17
T01174,C0440,Account,Closed,2025-11-17
T01175,C0917,Payment,Closed,2025-11-17
T01176,C0700,Delivery,,2025-11-17
T01177,C0179,Payment,Pending,2025-11-17
T01178,C0140,Payment,Open,2025-11-17
T01179,C0870,Payment,Closed,
T01180,C0327,Product,Closed,2025-11-17
T01181,C0964,Delivery,Open,2025-11-17
T01182,C0523,Product,Open,
T01183,C0933,Payment,Closed,2025-11-17
T01184,C0721,Payment,Pending,2025-11-17
T01185,C0682,Payment,Pending,2025-11-17
T01186,C0457,Payment,Pending,2025-11-17
T01187,C0134,,Closed,2025-11-17
T01188,C0760,Delivery,,2025-11-17
T01189,C0825,Account,Open,2025-11-17
T01190,C0278,Delivery,Open,
T01191,C0949,Payment,Closed,2025-11-17
T01192,C0186,Product,Closed,2025-11-17
T01193,C0654,Product,Closed,2025-11-17
T01194,,Account,Closed,2025-11-17
T01195,C0455,Product,,2025-11-17
T01196,C0471,Delivery,Closed,2025-11-17
T01197,C0801,Account,Pending,2025-11-17
T01198,C0845,Account,Closed,2025-11-17
T01199,C0030,Product,Open,2025-11-17
T01200,C0683,Delivery,Closed,2025-11-17
